id,name,category
00000f8b,VOCShoutFXThrowVoice,VOC
00000f8a,VOCShoutFXDismayC,VOC
00000f89,VOCShoutFXDismayB,VOC
00000f88,VOCShoutFXDismayA,VOC
00000f87,VOCShoutFXAuraWhisperA,VOC
00000f82,AMBWindSnowBlowingDLPSD,AMB
00000f81,AMBWindSnowBlowingCLPSD,AMB
00000f80,AMBWindSnowBlowingBLPSD,AMB
00000f7f,AMBWindSnowBlowingALPSD,AMB
00000f73,ITMGenericIngredientUpLoFi,ITM
00000f58,OBJWindmillSolitudeLPSD,OBJ
00000ee5,UIEnchantRecharge,UI
00000e5e,TRPImpactImpale,TRP
00000e5d,MAGNightingaleSubterfugeFire2D,MAG
00000e5b,MAGNightingaleStrifeFire2D,MAG
00000e48,NPCWerewolfInjured,NPC
00000e47,NPCWerewolfDeath,NPC
00000e37,MAGMysticismSoulTrapCaptureShader,MAG
00000e0d,NPCHorseFootWalkFrontLOFISD,NPC
00000e0c,NPCHorseFootWalkBackLOFISD,NPC
00000e05,AMBRumbleShakeGreybeardsSD,AMB
00000e00,MAGPowerSerpentStoneExplosion,MAG
00000dff,MAGPowerSerpentStoneImpact,MAG
00000dfe,MAGPowerSerpentStoneProjectileLP,MAG
00000ded,QSTWolfChestxSD,QST
00000dd0,ITMGenericUpLoFi,ITM
000172a4,NPCDragonFlightRoarPaarthurnax,NPC
000172a2,NPCDragonFlightRoarDistantBSD,NPC
000170cf,OBJSovngardeSpitChain02LPSD,OBJ
000170ce,OBJSovngardeSpitChain01LPSD,OBJ
0001706f,NPCWerewolfGrowlSD,NPC
0001702e,MAGAltarsBlessingFireC2D,MAG
0001702d,MAGAltarsBlessingFireB2D,MAG
0001702c,MAGAltarsBlessingFireA2D,MAG
00016ed0,VOCShoutDragon05BTorShul,VOC
00016e91,VOCShoutDragon05AYol,VOC
00016e7a,VOCShoutDragon04BHaalViik,VOC
00016e79,VOCShoutDragon04AZun,VOC
00016e6f,VOCShoutDragon03BSlenNus,VOC
00016e6b,VOCShoutDragon03AIiz,VOC
00016e69,VOCShoutDragon02BRuMaar,VOC
00016e59,VOCShoutDragon02AFaas,VOC
00016e53,VOCShoutDragon01BRoDah,VOC
00016e50,VOCShoutDragon01AFus,VOC
00016e4e,VOCShoutDragonPaarthurnax05BTorShul,VOC
00016e46,VOCShoutDragonPaarthurnax05AYol,VOC
00016e44,VOCShoutDragonPaarthurnax04BHaalViik,VOC
00016e3d,VOCShoutDragonPaarthurnax04AZun,VOC
00016e3c,VOCShoutDragonPaarthurnax03BSlenNus,VOC
00016e2a,VOCShoutDragonPaarthurnax03AIiz,VOC
00016e29,VOCShoutDragonPaarthurnax02BRuMaar,VOC
00016e28,VOCShoutDragonPaarthurnax02AFaas,VOC
00016e27,VOCShoutDragonPaarthurnax01BRoDah,VOC
00016e26,VOCShoutDragonPaarthurnax01AFus,VOC
00016e13,FSTCreatureWaterWalkR,FST
00016e12,FSTCreatureWaterWalkL,FST
00016e11,FSTCreatureWaterSprintR,FST
00016e10,FSTCreatureWaterSprintL,FST
00016e0f,FSTCreatureWaterRunR,FST
00016e0e,FSTCreatureWaterRunL,FST
00016db3,DRSWoodSingleHeavyEsbernClose,DRS
00016db2,DRSWoodSingleHeavyEsbernOpen,DRS
0010ff7c,NPCDragonAlduinPortalDeath,NPC
0010ff67,QSTMG07MagnusStormSaarthalMediumReleaseSD,QST
0010ff66,QSTMG07MagnusStormCollegeBigReleaseSD,QST
0010ff65,QSTMG07MagnusStormCollegeMediumReleaseSD,QST
0010ff5a,QSTMG07MagnusStormSaarthalMediumLPMSD,QST
0010ff53,QSTMG07MagnusStormCollegeMediumLPMSD,QST
0010ff52,QSTMG07MagnusStormCollegeSmallLPMSD,QST
0010ff51,QSTMG07MagnusStormCollegeSmallReleaseSD,QST
0010ff50,QSTMG07MagnusStormCollegeBigLPMSD,QST
0010ff4f,DRScDwarvenDresserClose,DR
0010ff4e,DRScDwarvenDresserOpen,DR
0010ff06,VOCShoutDragonAlduin01BRoDah,VOC
0010ff05,VOCShoutDragonAlduin01AFus,VOC
0010ff04,VOCShoutDragonAlduin02BRuMaar,VOC
0010ff03,VOCShoutDragonAlduin02AFaas,VOC
0010ff02,VOCShoutDragonAlduin03BSlenNus,VOC
0010ff01,VOCShoutDragonAlduin03AIiz,VOC
0010ff00,VOCShoutDragonAlduin04BHaalViik,VOC
0010feff,VOCShoutDragonAlduin04AZun,VOC
0010fefb,AMBWindloopMountainsHillsSolitudeLighthouse01LPSD,AMB
0010fef9,OBJPipeValveWheelRotate,OBJ
0010fe9a,QSTTG01UrnSmashSD,QST
0010fe96,DRSTG08AStoneSecretDoorOpen,DRS
0010fe95,DRScDrawerEndTableOpenBSD,DR
0010fe94,DRScDrawerEndTableCloseBSD,DR
0010fe6c,NPCDragonSkeletalResurrectionRumbleSD,NPC
0010fe6b,NPCDragonSkeletalResurrectionRoarB,NPC
0010fe6a,NPCDragonSkeletalResurrectionRoarA,NPC
0010fdca,QSTTG05UnconsciousLPSD,QST
0010fd98,DRSWoodImperialStableDoorOpen,DRS
0010fd97,DRSWoodImperialStableDoorClose,DRS
0010fd65,WPNImpactGenericLoFi,WPN
0010fd63,NPCDragonBreatheQuietLPSD,NPC
0010fd51,ITMIngredientBeehiveHuskUp,ITM
0010fd50,ITMIngredientMammothCheeseUp,ITM
0010fd4c,AMBrCricketsForestFallNight06LP,AM
0010fd4b,AMBrCricketsForestFallNight05LP,AM
0010fd4a,AMBrCricketsForestFallNight04LP,AM
0010fd49,AMBrCricketsForestFallNight03LP,AM
0010fd48,AMBrCricketsForestFallNight02LP,AM
0010fd47,AMBrCricketsForestFallNight01LP,AM
0010fd46,AMBrCricketsForestPineNight06LP,AM
0010fd45,AMBrCricketsForestPineNight05LP,AM
0010fd44,AMBrCricketsForestPineNight04LP,AM
0010fd43,AMBrCricketsForestPineNight03LP,AM
0010fd42,AMBrCricketsForestPineNight02LP,AM
0010fd41,AMBrCricketsForestPineNight01LP,AM
0010fd2b,AMBrFrogsForestfallNightLPSD,AM
0010fd15,AMBrKatydidsForestPineNight06LP,AM
0010fd14,AMBrKatydidsForestPineNight05LP,AM
0010fd13,AMBrKatydidsForestPineNight04LP,AM
0010fd12,AMBrKatydidsForestPineNight03LP,AM
0010fd11,AMBrKatydidsForestPineNight02LP,AM
0010fd01,AMBWaterDripsRadiusMarker2DLPSD,AMB
0010fcda,DRSTG09MagicPortal,DRS
0010fb2f,DRSWoodTGSecretOpen,DRS
0010fb28,DRSWoodTGSecretClose,DRS
0010fbd0,DRSBookshelfSecretDoorOpen,DRS
0010fbcf,DRSBookshelfSecretDoorClose,DRS
0010fbce,FXDragonMoundLPM,FX
0010fbbe,AMBWaterfallLargeMarkarthLPSD,AMB
0010fba6,AMBWaterStreamFallsMarkarthLPSD,AMB
0010fba5,AMBWaterfallSplatterLargeMarkarthLPSD,AMB
0010fba4,AMBWaterfallSplatterMediumMarkarthLPSD,AMB
0010fba3,AMBWaterRapidsSmallMarkarthLPSD,AMB
0010fba2,AMBWaterRapidsMediumMarkarthLPSD,AMB
0010fba1,AMBWaterRapidsMediumMarkarth2DLPSD,AMB
0010fba0,AMBWaterfallMediumMarkarthLPSD,AMB
0010fb9f,AMBWaterfallMedium2DMarkarthLPSD,AMB
0010fb9e,AMBWaterfallLarge2DMarkarthLPSD,AMB
0010fae5,MAGFailShoutSD,MAG
0010f9ae,OBJStoneGenericSwitchEnter,OBJ
0010f9ad,OBJDwarvenMechanismStairsFall,OBJ
0010f9ac,OBJDwarvenMechanismRotate,OBJ
0010f9a5,MAGCloakShockPlayerLPSD,MAG
0010f988,QSTDB05GargoyleFall,QST
0010e2a8,QSTTG08BBalconyCollapse,QST
0010e0d7,QSTAlduinDeathSoulsBSD,QST
0010e0d6,QSTAlduinDeathSoulsASD,QST
0010e0d5,QSTAlduinDeathExplosionCSD,QST
0010e0d4,QSTAlduinDeathExplosionBSD,QST
0010e0d3,QSTAlduinDeathExplosionASD,QST
0010e0d2,NPCDragonAlduinDeathE,NPC
0010e0d1,NPCDragonAlduinDeathD,NPC
0010e0d0,NPCDragonAlduinDeathC,NPC
0010e0cf,NPCDragonAlduinDeathB,NPC
0010e0ce,NPCDragonAlduinDeathA,NPC
0010fa76,NPCHumanChildSitChairDownLR,NPC
0010fa75,NPCHumanChildSitChairUpLR,NPC
0010fa74,NPCHumanChildSitChairUp,NPC
0010fa73,NPCHumanChildSitChairDown,NPC
0010fa72,NPCHumanSitChairDownLR,NPC
0010fa71,NPCHumanSitChairUpLR,NPC
0010fa70,TRPFlamesFireLPMSD,TRP
0010f99a,NPCWispAmbush2D,NPC
0010f999,NPCWispAmbush,NPC
0010f948,FSTPlayerStoneStairsRSD,FST
0010f947,FSTPlayerStoneStairsLSD,FST
0010f946,FSTPlayerWoodStairsLSD,FST
0010f945,FSTPlayerWoodStairsRSD,FST
0010f926,MAGPowerRacialWoodElfCommandAnimalFire2D,MAG
0010f918,DRSWoodHallofValorShortClose,DRS
0010f917,DRSWoodHallofValorShortOpen,DRS
0010f916,DRSWoodHallofValorClose,DRS
0010f915,DRSWoodHallofValorOpen,DRS
0010f90c,AMBrInteriorTempleOfKynarethChimes,AM
0010f85e,QSTGreybeardRumbleSD,QST
0010f852,OBJEyeofMagnusVanish,OBJ
0010f807,NPCElkAttack02,NPC
0010f806,NPCElkAttack01,NPC
0010f804,MAGPerkShieldChargeImpact,MAG
0010f7eb,QSTSovengardePortalCloseSD,QST
0010f78c,QSTC03WereWolfBloodGush,QST
0010f78b,QSTC03WereWolfCut,QST
0010f721,QSTMQ206AlduinTimeTravel2DSD,QST
0010f720,MAGPerkShadowWarriorFire2D,MAG
0010f685,NPCWolfBark,NPC
0010f67a,OBJDwemerRepositorySlide,OBJ
0010f679,OBJDwemerRepositoryDoor,OBJ
0010f678,OBJDwemerRepositoryRotate,OBJ
0010f675,NPCFoxBreathe,NPC
0010f674,NPCFoxBreatheRun,NPC
0010f672,NPCFoxInjured,NPC
0010f671,NPCFoxDeath,NPC
0010f614,NPCDwarvenSpiderPortExitHorizontal,NPC
0010f613,NPCDwarvenSpiderPortExitVertical,NPC
0010f5eb,QSTSovengardePortalFarLPMSD,QST
0010f5ea,QSTSovengardePortalOnMonoLPMSD,QST
0010f5e9,QSTSovengardePortalOn2DLPMSD,QST
0010f5e8,QSTSovengardePortalOpenSD,QST
0010f56a,MAGPowerRacialDarkElfAncestorsWrathFire2D,MAG
0010f564,MAGPowerRacialRedguardAdrenalineRushFire2DSD,MAG
0010f563,VOCShoutDragonAlduin05BTorShul,VOC
0010f562,VOCShoutDragonAlduin05AYol,VOC
0010f50a,QSTMQ206ElderScrollRead2D,QST
0010f21c,ITMFishUp,ITM
0010f21b,QSTMQ105DragonSwitchOn,QST
0010f219,NPCHumanAventusStabSoft,NPC
0010f218,NPCHumanAventusStabHard,NPC
0010f217,MAGPowerRacialHistskin2D,MAG
0010f20b,TRPSpearOutSD,TRP
0010f20a,TRPSpearInSD,TRP
0010f1f3,AMBrChargenRumbleTundraVolcanicSovngarde,AM
0010f1f1,AMBWeatherThunderExtra,AMB
0010eea0,AMBDungeonDwemerFlameLPSD,AMB
0010ee73,AMBrDungeonBlackreachWindGustSD,AM
0010ee72,AMBWaterDungeonBlackreach2DLPSD,AMB
0010ee71,FXExplosionFirestormNear,FX
0010ee5b,NPCDragonKillRoarC,NPC
0010ee5a,NPCDragonKillRoarB,NPC
0010ee59,NPCDragonKillRoarA,NPC
0010ec65,NPCDraugrVoiceTaunt,NPC
0010ec60,DRScTreasureBossDwarvenOpen,DR
0010ec5f,DRScTreasureBossDwarvenClose,DR
0010eb7b,QSTTG06CharcoalRubSD,QST
0010eb7a,WPNTG06ControlStaffShootFail,WPN
0010eb79,WPNTG06ControlStaffShoot,WPN
0010eb78,WPNTG06ControlStaffGlyphLPM,WPN
0010eb77,WPNTG06ControlStaffDrawSheatheLPM,WPN
0010eb76,WPNTG06ControlStaffCharge,WPN
0010e94a,QSTTG07VaultLockExitSD,QST
0010e7f2,QSTTG05KillStabOutSD,QST
0010e7f1,QSTTG05KillStabInSD,QST
0010e7e9,QSTTG05KarliahVanishSD,QST
0010e7e8,QSTTG05Transition2DSD,QST
0010e7e7,QSTTG05ArrowKnockOut2DSD,QST
0010e49c,NPCHumanExecutionerPushPlayer,NPC
0010e443,MUSBardLute04SD,MUS
0010e442,MUSBardLute03SD,MUS
0010e441,MUSBardLute02SD,MUS
0010e440,MUSBardLute01SD,MUS
0010e428,AMBChargenExecutionWallaReact2DSD,AMB
0010e426,AMBChargenExecutionWalla2DLPSD,AMB
0010e2ea,NPCHumanEatSoup,NPC
0010e2e5,QSTE3TowerHoleMonoCACHESD,QST
0010e2e4,QSTE3TowerHoleStereoCACHESD,QST
0010e053,FXExplosionCatapult2DQuiet,FX
0010e052,MAGDestructionFireballExplosionQuiet,MAG
0010deb2,OBJSarcophagusUnlockC,OBJ
0010deb1,OBJSarcophagusUnlockB,OBJ
0010deb0,OBJSarcophagusUnlockA,OBJ
0010deaf,OBJSarcophagusSkullRelease,OBJ
0010deae,OBJSarcophagusSkullUnlockB,OBJ
0010dead,OBJSarcophagusSkullUnlockA,OBJ
0010deac,OBJSarcophagusSkullInsert,OBJ
0010da08,FSTPlayerSnowJumpDownSD,FST
0010da07,FSTPlayerGrassJumpDownSD,FST
0010da06,FSTPlayerGravelJumpDownSD,FST
0010da05,FSTPlayerStoneSolidJumpDownSD,FST
0010da04,FSTPlayerWoodJumpDownSD,FST
0010da03,FSTPlayerDirtJumpDownSD,FST
0010da02,AMBrChargenRumbleTundraVolcanicRocks,AM
0010da01,AMBrChargenRumbleTundraVolcanic,AM
0010d9fc,NPCDwarvenSphereAttackBowRelease,NPC
0010d9fb,NPCDwarvenSphereAttackBowDraw,NPC
0010d9fa,NPCDwarvenSphereAttackPower,NPC
0010d9f9,NPCDwarvenSphereAttackB,NPC
0010d9f8,NPCDwarvenSphereAttackA,NPC
0010d9b6,AMBrChargenStuff2D,AM
0010d9b5,AMBrChargenScreams,AM
0010d860,AMBWeatherHelgenAttack2DLP,AMB
0010d65a,NPCHumanBookPageTurn,NPC
0010d659,NPCHumanBartenderWipe,NPC
0010d5d0,QSTDBCoffinSplashSD,QST
0010d261,OBJMagicFirePillarPoolLPMSD,OBJ
0010d260,OBJMagicFirePillarCloseLPMSD,OBJ
0010d25f,OBJMagicFirePillarFarLPMSD,OBJ
0010cc8d,OBJCatapultProjectileLP,OBJ
0010cc8c,OBJCatapultProjectileFire,OBJ
0010cc89,NPCTorchbugBuzzLP,NPC
0010cbd6,NPCHumanWritingTGSD,NPC
0010cbca,AMBrWindBedReachRadius2DLPSD,AM
0010cb6a,OBJSawMillLogSplit,OBJ
0010c646,UISmithingCreateGeneric,UI
0010c637,AMBCivilWarBattleDistantLPSD,AMB
0010c442,AMBrCivilWarCatapultsDistant,AM
0010c441,AMBCivilWarBattleExteriorLPSD,AMB
0010c43e,AMBCivilWarBattleStartDistantSD,AMB
0010c307,AMBShipCreakBellsDistantEastEmpireLPSD,AMB
0010c302,AMBShipCreakBellsLPSD,AMB
0010c2e6,AMBShipCreakBellsDistantLPSD,AMB
0010c2e5,AMBShipCreakDeck2DLPSD,AMB
0010c2e4,AMBShipCreakBaseLPSD,AMB
0010c2e3,ITMNotePageTurn,ITM
0010bfb4,AMBWeatherSnowLight2DLP,AMB
0010bfb3,AMBWeatherSnowHeavy2DLP,AMB
0010bf77,QSTDA02BubbleActivate,QST
0010bf76,QSTDA02ShrineSurgeLPM,QST
0010bf75,QSTDA02ShrineActivateLPM,QST
0010b2e1,DRSDwemerLiftOpen,DRS
0010b2e0,DRSAutoLoadCaveOpen,DRS
0010b11a,AMBrGlacierC,AM
0010b119,AMBrGlacierB,AM
0010b118,AMBrGlacierA,AM
0010b03c,QSTTG09PresentKey,QST
0010ab4f,AMBWaterfallTallQuietLPSD,AMB
0010aa12,MUSBardFlute06SD,MUS
0010aa11,MUSBardFlute05SD,MUS
0010aa10,MUSBardFlute04SD,MUS
0010aa0f,MUSBardFlute03SD,MUS
0010a048,DRSAutoLoadClose,DRS
0010a047,DRSAutoLoadOpen,DRS
0010a010,NPCChickenScratch,NPC
0010a00f,NPCChickenPeck,NPC
0010a00e,NPCChickenInjured,NPC
0010a00d,NPCChickenDeath,NPC
0010a00c,NPCChickenCluck,NPC
00109e6f,NPCHumanBlacksmithForgeTake,NPC
00109e6e,NPCHumanBlacksmithForgeQuenchDrop,NPC
00109e6d,NPCHumanBlacksmithForgeQuench,NPC
00109ae5,NPCSpiderFrostbiteInjured,NPC
00109ad7,QSTTG09BeamAbilitiesColumnLPM,QST
00109ad6,QSTTG09BeamAbilitiesColumnStart,QST
001098b2,NPCDragonPriestCombatIdleSpecial03,NPC
001098b1,NPCDragonPriestCombatIdleSpecial02,NPC
001098a5,OBJElderScrollBlindOut2DSD,OBJ
001098a4,OBJElderScrollBlindIn2DSD,OBJ
00109832,QSTMS06PotemaIdleCaveLPMSD,QST
00109831,QSTMS06PotemaIdle2CaveLPMSD,QST
00109830,QSTMQ206TimeTravel2D,QST
0010982f,QSTMS06PotemaInitialFleeExit2D,QST
0010982e,QSTMS06PotemaInitialFleeStart2D,QST
001097c7,AMBWaterfallSmallQuietLPSD,AMB
001097c4,AMBWaterfallSplatterSmallQuietSD,AMB
001097c1,AMBWaterLeakSprayQuietLPSD,AMB
001097be,AMBWaterChurnQuietLPSD,AMB
001097ba,DRSStoneDoubleSkyHavenClose,DRS
001097b9,DRSStoneDoubleSkyHavenOpen,DRS
0010963e,DRSWoodImperialDouble02CloseSD,DRS
0010963d,DRSWoodImperialDouble02OpenSD,DRS
001094c6,DRSWoodDelphineSecretPanelClose,DRS
001094c5,DRSWoodDelphineSecretPanelOpen,DRS
001094b9,QSTMS06PotemaBanishExplosionSD,QST
001094a8,QSTDA10SpookyDistantSD,QST
001094a7,QSTDA10RumbleSD,QST
001094a6,QSTDA10ItemShootSD,QST
001094a5,QSTDA10ItemLevitateSD,QST
001094a4,QSTDA10HauntLPMSD,QST
001093bd,QSTYngolLightMotes,QST
001091d1,QSTMS06PotemaIdle2LPMSD,QST
001090a7,NPCChaurusWarningTail,NPC
001090a6,NPCChaurusWarningCall,NPC
00108e98,AMBDungeonHowlA2DLPSD,AMB
00108e69,AMBtSewerLargeRatwayRadius2DLPSD,AM
00108e5f,AMBtSewerLargeRatwayl2DLP,AM
00108e59,AMBtSewerMediumRadius2DLPSD,AM
00108e15,AMBDungeonCaveDripsCSmallRadius2DLPSD,AMB
00108e13,AMBtSewerLargeRiftenJail2DLP,AM
00108e0f,AMBWaterDungeonCaveSmallSmallRadius2DLPSD,AMB
00108e0e,AMBWaterfallSplatterSmallSmallRadiusSD,AMB
00108e0a,AMBWaterStreamFallsSmallRadiusLPSD,AMB
00108e07,AMBWaterDrain01SmallRadiusLPSD,AMB
00108dc6,QSTMS06PotemaIdleLPMSD,QST
00108dc5,NPCHumanSpoonPotTap,NPC
00108dc4,DRSWoodStableDoorClose,DRS
00108dc3,DRSWoodStableDoorOpen,DRS
00108d7f,DRSWoodDoubleSlideClose,DRS
00108d7e,DRSWoodDoubleSlideOpen,DRS
00108d44,OBJDwemerGearsDisabledSD,OBJ
00108ca8,OBJDwemerGearsStuck,OBJ
00108c98,NPCDwarvenSpiderAttackLeftSide,NPC
00108c97,NPCDwarvenSpiderIdleStall,NPC
00108c96,NPCDwarvenSpiderIdleSearch,NPC
00108c95,NPCDwarvenSpiderIdlePickWall,NPC
00108c94,NPCDwarvenSpiderIdlePick,NPC
00108c93,NPCDwarvenSpiderAttackStab,NPC
00108c92,NPCDwarvenSpiderAttackSpin,NPC
00108c91,NPCDwarvenSpiderAttackForwardJump,NPC
00108c90,NPCDwarvenSpiderAttackComboLow,NPC
00108c8f,NPCDwarvenSpiderAttackComboHigh,NPC
00108bb6,NPCHumanPourMeadKeg,NPC
00108bb5,DRSPortcullisWoodGateOpen,DRS
00108bb4,DRSPortcullisWoodGateClose,DRS
0010853c,AMBExecutionWallaOhSD,AMB
00108539,AMBExecutionWalla022DLPSD,AMB
00108538,AMBExecutionWalla012DLPSD,AMB
00108281,QSTTG07VaultLockEnterSD,QST
00108279,AMBKagrenzelWindShaftLPM,AMB
00108274,QSTKagrenzelLightOrbDopplerSD,QST
00108273,QSTKagrenzelLightOrbSpinLPMSD,QST
001080cc,FXFireOutSD,FX
001080c9,QSTTG09NocturnalFloorRumbleSD,QST
001080c8,QSTTG09NocturnalFloorDissipate,QST
0010772c,QSTDragonTrapExit,QST
0010772b,QSTDragonTrap,QST
00106e20,ITMGlassBottleCaseDown,ITM
00106e1f,ITMGlassBottleCaseUp,ITM
00106d21,QSTMS06PotemaBanishSD,QST
00106b0a,AMBtDA01AzuraStarLPM,AM
00106b05,QSTDA01AzuraMagicEndPurifyLPMSD,QST
00106b04,QSTDA01AzuraMagicEndCorruptLPMSD,QST
00106b02,DRScMeaderyKegOpen,DR
00106ad6,UISkillsPerkSelect2D,UI
00106614,ITMPoisonUse,ITM
00106613,NPCHumanEatSoupSlurp,NPC
00106612,NPCHumanEatSoupSpoon,NPC
0010636c,DRSWoodGateBackyardWRClose,DRS
0010636b,DRSWoodGateBackyardWROpen,DRS
00105d43,WPNSwingBlunt1Hand,WPN
00105b50,NPCHumanCartRidePlayerExit,NPC
00105b4f,NPCHumanCartRidePlayerEnter,NPC
00105b4e,NPCHumanCartRideDriverEnter,NPC
00105b4d,NPCHumanCartRideDriverExit,NPC
0010512e,NPCHumanExecutionerPushB,NPC
0010512d,NPCHumanExecutionerPushA,NPC
00104fe0,NPCHumanCartExitC04,NPC
00104fdf,NPCHumanCartExitC03,NPC
00104fde,NPCHumanCartExitC02,NPC
00104fdd,NPCHumanCartExitC01,NPC
00104fdc,NPCHumanCartExitB04,NPC
00104fdb,NPCHumanCartExitB03,NPC
00104fda,NPCHumanCartExitB02,NPC
00104fd9,NPCHumanCartExitB01,NPC
00104fd8,NPCHumanCartExitA,NPC
00104fd7,NPCHumanCartDriverExit,NPC
00104f19,AMBSteamCrackLP,AMB
00104f00,AMBSteamLP,AMB
00104d69,AMBWeatherRainLight2DRadLPSD,AMB
00104d54,AMBWaterfallLargeDistantVerbLPSD,AMB
0010486f,QSTWordGroundGlowLPSD,QST
001046cf,DRSWoodDeadboltDown,DRS
001046ce,DRSWoodDeadboltUp,DRS
00104149,DRSMetalJailSolitudeSingleClose,DRS
00104148,DRSMetalJailSolitudeSingleOpen,DRS
00104147,DRSMetalJailSolitudeClose,DRS
00104146,DRSMetalJailSolitudeOpen,DRS
001040dd,MAGPowerRacialBerserkerFire2D,MAG
001039c1,DRScCoffinWoodSmallClose,DR
001039c0,DRScCoffinWoodSmallOpen,DR
0010393a,OBJEyeofMagnusCloseHighLPSD,OBJ
001038a2,DRSStoneMagicLabyrinthianOpen,DRS
001038a1,DRSStoneMagicLabyrinthianClose,DRS
001037dd,DRSWoodDelphineSecretClose,DRS
001037dc,DRSWoodDelphineSecretOpen,DRS
001037db,DRSMetalGateHighHrothgarClose,DRS
001037da,DRSMetalGateHighHrothgarOpen,DRS
001037d9,MAGEnchantedUnsheatheShock,MAG
001037d8,MAGEnchantedUnsheatheOther,MAG
001037d7,MAGEnchantedUnsheatheFrost,MAG
001037d6,MAGEnchantedUnsheatheFire,MAG
0010352f,FXFireOilTrapLPMSD,FX
00103466,DRScTreasureDwarvenLargeClose,DR
00103465,DRScTreasureDwarvenLargeOpen,DR
00103464,QSTKagrenzelLightOrbLPSD,QST
0010325c,QSTOculoryRing,QST
0010325b,QSTOculoryEngage,QST
00102735,AMBWaterfallSmallDungeonDBLPSD,AMB
00101ced,AMBWaterLeakSprayDBLPSD,AMB
0010200e,NPCBearAttackPowerStanding,NPC
00101f43,WPNLeftHandSheathe,WPN
00101f42,WPNLeftHandDraw,WPN
00101f41,AMBRumbleShakeSD,AMB
00101f40,QSTDB09Clap,QST
00101e65,OBJEyeofMagnusOpen,OBJ
00101e64,OBJEyeofMagnusOpenLPM,OBJ
00101e63,OBJEyeofMagnusCloseLowLPSD,OBJ
00101e62,OBJEyeofMagnusClose,OBJ
00101cd1,NPCBearIdleRooting,NPC
001018bb,QSTMQ201PartyWallaInterior2DLPSD,QST
001018ba,QSTMQ201PartyWallaExterior02LPSD,QST
001018b8,QSTMQ201PartyWallaExterior01LPSD,QST
00101726,TRPPressurePlateDown,TRP
00101725,TRPPressurePlateUp,TRP
00101636,NPCWerewolfFootJumpDown,NPC
00101635,NPCWerewolfFootJumpUp,NPC
00101634,NPCWerewolfFeedingKill,NPC
00101633,NPCWerewolfMaul,NPC
00101632,NPCWerewolfHeadSmash,NPC
001010ba,TRPDwemerPistonOut,TRP
001010b9,TRPDwemerPistonReset,TRP
001010b0,TRPMolagBalOpen,TRP
001010af,TRPMolagBalClose,TRP
001010ae,TRPMolagBalCloseMono,TRP
00101018,AMBrBirdsForestPine2DayKWD,AM
00101017,AMBrBirdsForestPine2DayKWC,AM
00101016,AMBrBirdsForestPine1MorningKWB,AM
00101015,AMBrBirdsForestPine1MorningKWA,AM
00101014,AMBWeatherAlduinStormCallLP,AMB
00101013,DRSWoodGateHelgenClose,DRS
00101012,DRSWoodGateHelgenOpen,DRS
00101010,NPCSabreCatAttackRight2a,NPC
0010100f,NPCSabreCatAttackRight2,NPC
0010100e,NPCSabreCatAttackLeft2,NPC
0010100a,VOCShoutFXCallOfValorFire,VOC
00101009,NPCWerewolfFeeding,NPC
00101008,NPCWerewolfShout,NPC
00100ffe,DRSHighHrothgarClose,DRS
00100ffd,DRSHighHrothgarOpen,DRS
00100ffc,FSTWaterJumpUpSD,FST
00100ffb,FSTPlayerWaterJumpUp,FST
00100fad,AMBDarkBrotherhoodDoor9002DLPSD,AMB
00100fac,AMBDarkBrotherhoodDoor2DLPSD,AMB
00100fa4,FXFireLarge01LPSD,FX
00100f8d,AMBTavernInteriorA2DLPSD,AMB
00100f8a,AMBTavernExteriorLPSD,AMB
00100f88,ITMIngredientGrassUp,ITM
00100f2d,DRScBodyBurntClose,DR
00100f2c,DRScBodyBurntOpen,DR
00100f2b,NPCBeeJarSD,NPC
00100f2a,NPCDragonflyBuzzLP,NPC
00100f29,DRSDarkBrotherhoodSanctuaryCloseSD,DRS
00100f28,DRSDarkBrotherhoodSanctuaryOpenSD,DRS
00100f25,AMBWaterfallMediumDistantCloseDarkBrotherhoodSanctuaryLPSD,AMB
0010080c,DRSStoneLabyrinthianClose,DRS
0010080b,DRSStoneLabyrinthianOpen,DRS
0010080a,DRSStoneLabyrinthianKnock,DRS
00100638,NPCHumanWoodPickup,NPC
00100637,NPCHumanWoodDrop,NPC
00100530,NPCHumanMeditationExit,NPC
0010052f,NPCHumanMeditationEnter,NPC
00100528,NPCHumanWoodChopDistant,NPC
00100527,ITMIngredientBuzzUp,ITM
00100526,ITMIngredientClamUp,ITM
00100516,NPCHumanFelldirScrollRitualEnter,NPC
00100515,NPCHumanEsbernBookExit,NPC
00100514,NPCHumanEsbernBookEnter,NPC
00100513,NPCHumanFelldirScrollExit,NPC
00100512,NPCHumanFelldirScrollEnter,NPC
00100401,QSTDA16DistantFightingLPMSD,QST
00100400,QSTDA16DreamstateLP,QST
001003fb,NPCElkAggroWarningDistant,NPC
001003fa,NPCElkAggroWarning,NPC
001003f9,NPCElkFeeding,NPC
000ffa0b,MAGDwarvenSteamFireLPM,MAG
000ffa0a,NPCDwarvenCenturionAttackBreathOut,NPC
000ffa09,NPCDwarvenCenturionAttackBreathIn,NPC
000ffa07,NPCElkBreatheLP,NPC
000ff9ea,MAGVampireSunlightSD,MAG
000ff9e8,MAGVampireTransform01SD,MAG
000ff984,NPCHumanVampireFeed,NPC
000ff86a,MAGPowerRacialBattleCryFire2D,MAG
000ff7c9,NPCDragonFlightRoarDistant01SD,NPC
000ff7c8,NPCDragonFlightRoarDistant02SD,NPC
000ff785,NPCWerewolfTransformationB3DSD,NPC
000ff783,NPCWerewolfTransformationB2DSD,NPC
000ff782,MAGConjureBoundWeaponAppear,MAG
000ff56d,QSTDA16MagicBarrierOff,QST
000ff568,QSTDA16MiasmaGasReleaseLPMSD,QST
000ff565,QSTDA16SoulGemOff,QST
000ff564,QSTDA16SoulGemLPSD,QST
000ff563,QSTDA16MagicBarrierKeyOff,QST
000ff562,QSTDA16MagicBarrierKeyLP,QST
000ff561,DRSDA16StonePortalOpen,DRS
000ff560,QSTDA16MagicBarrierLP,QST
000ff4c7,AMBrWindBedTundraRadiusLPSD,AM
000ff24d,AMBWaterChurnLPSD,AMB
000ff24c,OBJCWBarricadeDestroyedSD,OBJ
000ff24b,OBJCWBarricadeDamageSD,OBJ
000ff244,NPCWerewolfFootSprintBack,NPC
000ff243,NPCWerewolfFootSprintFront,NPC
000fed14,NPCHagravenShriek,NPC
000fe729,OBJDwemerGearsSingleMarkarthLPSD,OBJ
000fe71c,AMBWaterDungeonCaveSmall2DLPSD,AMB
000fe1d2,AMBWaterDungeonCaveLarge2DLPSD,AMB
000fe1c3,AMBtDungeonCatacombsSemiExteriorRadius2DLPSD,AM
000fdc03,AMBDungeonDwemerMachineryB2DLPSD,AMB
000fdc02,AMBDungeonDwemerMachineryA2DLPSD,AMB
000fdbb5,NPCIceWraithInjured,NPC
000fdbb4,MAGDestructionIcicleCharge300,MAG
000fda7a,NPCAtronachFrostCombatIdle02,NPC
000fda54,MAGAlterationWaterbreathingFire2D,MAG
000fda53,MAGAlterationCharge050,MAG
000fda52,MAGAlterationReadyLP,MAG
000fda36,NPCAtronachStormCombatIdle02,NPC
000fd98b,FXExplosionCatapult2D,FX
000fd98a,FXExplosionCatapultFar,FX
000fd989,FXExplosionCatapultNear,FX
000fd988,OBJCatapultReturn,OBJ
000fd987,OBJCatapultFire,OBJ
000fd933,AMBDungeonMineWindRadius2DLPSD,AMB
000fd932,AMBrDungeonMineRumbleRocks,AM
000fd931,AMBrDungeonMineRumble,AM
000fd930,AMBrDungeonMineShaking,AM
000fd92e,AMBrDungeonMineCrumble,AM
000fcf0c,AMBWaterfallSplatterMediumDungeonSD,AMB
000fcf08,NPCSkeeverBreatheLP,NPC
000fce6d,NPCHagravenWarn,NPC
000fcc52,NPCCowDeath,NPC
000fcc51,NPCCowInjured,NPC
000fcc50,NPCCowAttack,NPC
000fcc2e,NPCHumanSitChairUp,NPC
000fcc2d,NPCHumanSitChairDown,NPC
000fc23b,NPCDwarvenSphereWarn01,NPC
000fc23a,NPCDwarvenSphereTaunt02,NPC
000fc239,NPCDwarvenSphereTaunt01,NPC
000fc21f,ITMIngredientBowlUp,ITM
000fc21e,ITMIngredientHeartUp,ITM
000fc1f0,NPCDwarvenSphereScan,NPC
000fb9ab,NPCHumanShovelDump,NPC
000fb9aa,QSTHermaeusPortalOpen,QST
000fb9a9,NPCHumanBasteMeat,NPC
000fb9a8,NPCHumanStirPot,NPC
000fb9a7,OBJMetalRotateRack,OBJ
000fb9a6,OBJWindmillWheelCreak,OBJ
000fb9a5,NPCHumanLeatherScrape,NPC
000fb9a4,NPCHumanShovel,NPC
000fb9a3,NPCSabreCatIdleCombat02,NPC
000fb9a2,NPCSabreCatIdleCombat01,NPC
000fb9a1,NPCSabreCatAggroWarning02,NPC
000fb9a0,NPCSabreCatAggroWarning01,NPC
000fb975,ITMIngredientRootUp,ITM
000fb974,ITMIngredientMossUp,ITM
000fae83,QSTDA02BoethiahImpact,QST
000faac1,OBJWindmillColumnLPSD,OBJ
000faac0,OBJWindmillWheelLPSD,OBJ
000faabf,OBJWindmillBreak,OBJ
000faabe,OBJWindmillBlade,OBJ
000fa735,QSTDA09LightBeamOffSD,QST
000fa734,QSTDA09LightBeamOnSD,QST
000fa733,OBJStoneKilkreathPedestalOpen,OBJ
000fa2c0,NPCWritingEnter,NPC
000fa2bf,NPCWritingExit,NPC
000fa2be,NPCWritingMain,NPC
000fa21b,QSTBeamMeridiaStatueLPSD,QST
000f9b46,AMBWaterSteamPools2DLPSD,AMB
000f9b45,AMBDungeonDwemerSteamLPSD,AMB
000f9b44,DRScChaurusBoxClose,DR
000f9b43,DRScChaurusBoxOpen,DR
000f9937,DRSSewerHoleWoodClose,DRS
000f9936,DRSSewerHoleWoodOpen,DRS
000f9933,AMBWaterfallMediumDistantCloseLPSD,AMB
000f9930,AMBWaterLeakSprayLPSD,AMB
000f992a,AMBDungeonFortWindRadius2DLPSD,AMB
000f9929,AMBrDungeonFortCreaking02SD,AM
000f9643,NPCHorseBreatheLP,NPC
000f9620,QSTShadowmereAppear,QST
000f95bd,NPCFalmerIdleDetection,NPC
000f95bc,NPCBearAggroWarning02,NPC
000f95bb,NPCBearAggroWarning01,NPC
000f9429,NPCHorseInjured,NPC
000f9428,NPCHorseDeath,NPC
000f93ef,NPCWerewolfAttackB,NPC
000f93ee,NPCWerewolfAttackA,NPC
000f93ed,QSTBeamMeridiaStatueRelease,QST
000f92bf,NPCWerewolfBreatheOut,NPC
000f92be,NPCWerewolfBreatheIn,NPC
000f92bd,NPCSlaughterfishCombatIdle,NPC
000f92bc,NPCSlaughterfishMainIdle,NPC
000f92bb,NPCSlaughterfishLocomotion,NPC
000f92ba,NPCSlaughterfishDeath,NPC
000f92b9,NPCSlaughterfishAttack,NPC
000f92b7,QSTBeamMeridiaStatueOn,QST
000f92b6,QSTT02LoversAscending,QST
000f92b5,QSTHermaeusPortalLPM,QST
000f905d,QSTDA09LightBeamImpactLP,QST
000f86ff,NPCHumanClap,NPC
000f7eac,NPCWerewolfBreatheLP,NPC
000f7ea7,NPCWerewolfFootRun,NPC
000f7b67,DRScBodySkeletonClose,DR
000f7b66,DRScBodySkeletonOpen,DR
000f7b62,PHYBodyBonesL,PHY
000f7b61,PHYBodyBonesH,PHY
000f75ab,PHYBonesH,PHY
000f75aa,PHYBonesL,PHY
000f69c7,DRScBodyMetalClose,DR
000f69c6,DRScBodyMetalOpen,DR
000f69c3,WPNImpactBlade2HandVsMetalSkin,WPN
000f69c2,WPNImpactBladeVsMetalSkin,WPN
000f69c1,FSTPlayerIceSprintArmorHeavyR,FST
000f69c0,FSTPlayerIceSprintArmorHeavyL,FST
000f69bf,FSTPlayerIceSprintArmorLightR,FST
000f69be,FSTPlayerIceSprintArmorLightL,FST
000f69bd,FSTPlayerIceRunArmorLightR,FST
000f69bc,FSTPlayerIceRunArmorLightL,FST
000f69bb,FSTPlayerIceRunArmorHeavyR,FST
000f69ba,FSTPlayerIceRunArmorHeavyL,FST
000f600f,WPNImpactBlade2HandVsFleshDraugr,WPN
000f600e,WPNImpactBladeVsFleshDraugr,WPN
000f6000,NPCHumanHornStormcloakDistant,NPC
000f5fff,NPCHumanHornImperialDistant,NPC
000f5ffe,NPCHumanHornStormcloak,NPC
000f5ffd,NPCHumanHornImperial,NPC
000f57e9,QSTHalldirCairnLowLPSD,QST
000f57e8,QSTHalldirCairnMainLPSD,QST
000f57e7,QSTHalldirCairnFadeSD,QST
000f57e6,TRPFireStonePillarShootLPM,TRP
000f57e5,TRPFireStonePillarOpen,TRP
000f57e4,TRPFireStonePillarClose,TRP
000f4a20,MAGPowerRacialPacifyFire2D,MAG
000f4a1f,MAGPowerRacialDragonskinFire2D,MAG
000f4305,DRSStoneRiftenJailOpen,DRS
000f4304,DRSStoneRiftenJailClose,DRS
000f4303,TRPBladeThresherdrop,TRP
000f4302,TRPBladeThresherup,TRP
000f4301,TRPBladeThresherstillLPM,TRP
000f4300,TRPBladeThreshermoveLPM,TRP
000f3e92,NPCCannibalStand,NPC
000f3e91,NPCCannibalKneel,NPC
000f3e90,QSTTG09BirdPooOpenStereo,QST
000f3e8f,QSTTG09BirdPoolFlyingOutStereo,QST
000f3e8e,QSTTG09BirdPoolFlyingInStereo,QST
000f3661,ITMIngredientGarlicUp,ITM
000f274a,DRSWoodSingleHeavyAnimClose,DRS
000f2749,DRSWoodSingleHeavyAnimOpen,DRS
000f2699,NPCWitchlightAttack,NPC
000f246f,AMBWaterRiverRiftenLPSD,AMB
000f23e1,NPCWerewolfFootWalk,NPC
000f23d5,NPCDragonPriestDeathDustB,NPC
000f23d4,NPCDragonPriestDeathDustA,NPC
000f23c2,FXMeleeWerewolfFlesh,FX
000f23a5,NPCBeeBuzzLP,NPC
000f23a4,DRSMetalDoubleClose,DRS
000f23a3,DRSMetalDoubleOpen,DRS
000f23a2,DRSMetalSingleClose,DRS
000f23a1,DRSMetalSingleOpen,DRS
000d4b2f,QSTDwemerGongSD,QST
000f1b21,QSTFalmerEyeStatueIdle02,QST
000f1b20,QSTFalmerEyeStatueIdle01,QST
000f1b1f,NPCDragonKillMove,NPC
000f1b1e,QSTTG02BeesLPSD,QST
000f1b1d,NPCHumanHoeC,NPC
000f1b1c,NPCHumanHoeB,NPC
000f1b1b,NPCHumanHoeA,NPC
000f1b19,QSTFalmerEyeStatueExit,QST
000f1b18,NPCHumanBucketPour,NPC
000f1b17,NPCHumanBucketFill,NPC
000f1b16,DRSSaarthalCollapse,DRS
000f1b15,DRSMetalPitGateClose,DRS
000f1b14,DRSMetalPitGateOpen,DRS
000f1b13,DRSDwemerGateClose,DRS
000f1b11,DRSDwemerGateOpen,DRS
000f1b10,DRSThievesGuildMausoleumClose2D,DRS
000f1b0f,DRSThievesGuildMausoleumClose3D,DRS
000f1b0e,DRSThievesGuildMausoleumOpen2D,DRS
000f1b0d,DRSThievesGuildMausoleumOpen3D,DRS
000f1b0c,DRSStoneWallJailCollapse,DRS
000f1a9f,DRSBoneFalmerGateClose,DRS
000f1a9e,DRSBoneFalmerGateOpen,DRS
000f143f,FXFireGiantCampfireLP,FX
000f13aa,DRSStoneSecretSlideClose,DRS
000f13a9,DRSStoneSecretSlideOpen,DRS
000f11f6,AMBWaterCanalRiften022DLPSD,AMB
000f11f5,AMBWaterCanalRiften012DLPSD,AMB
000f0472,AMBDungeonWindDoorSolitudeJailExitLPSD,AMB
000ecf93,UISpellLearned,UI
000ebe27,QSTE3TowerHoleStereoSD,QST
000ebe26,QSTE3TowerHoleMonoSD,QST
000ebc26,TRPBladeSwingImpactSD,TRP
000eb802,OBJVerticalSarcophagusOpen,OBJ
000eafb3,NPCTrollInjured,NPC
000ea9f8,WPNImpactArrowVsFleshPLAYER,WPN
000ea653,MAGDestructionFireboltDragonProjectile,MAG
000ea51c,NPCHumanBlacksmithRepairHammerDistantSD,NPC
000ea51b,NPCHumanBlacksmithRepairHammerSD,NPC
000ea344,MAGDestructionFrostBiteDragonExplosion2D,MAG
000ea343,MAGDestructionFrostBiteDragonExplosion,MAG
000ea342,MAGDestructionFrostBiteDragonProjectileLP,MAG
000e9e01,AMBWaterDrain01LPSD,AMB
000e9df3,AMBWaterStream02WhiterunLPSD,AMB
000e9def,AMBWaterfallSplatterSmallSD,AMB
000e9de5,AMBWaterStreamSmallWhiterunLPSD,AMB
000e9de1,AMBWaterStream01WhiterunLPSD,AMB
000e9ddf,FXFireEmbers03LPSD,FX
000e9dde,AMBrDungeonDwemerCracking,AM
000e934a,AMBrDungeonDwemerRumble,AM
000e8f26,NPCHorseIdlePaw,NPC
000e8f25,NPCHorseIdleGraze,NPC
000e8f24,NPCHorseIdleTail,NPC
000e8e8d,OBJDwemerPistonB,OBJ
000e8e8c,OBJDwemerPistonA,OBJ
000e8e8b,NPCKillChop,NPC
000e8e8a,NPCKillMelee,NPC
000e8e89,NPCKillMeleeB,NPC
000e84ec,NPCHorseAttack,NPC
000e84e8,NPCHorseRearUp,NPC
000e84a4,AMBtDungeonDwemerGeneric2DLPSD,AM
000e32c0,AMBDungeonIceDripRadius2DLPSD,AMB
000e329d,AMBDungeonIceWindRadius2DLPSD,AMB
000e3293,AMBtDungeonIceGeneric012DLP,AM
000e326e,OBJDwemerGearsSingleB02LPSD,OBJ
000e326a,OBJDwemerGearsSingleB01LPSD,OBJ
000e325b,OBJDwemerGearsMultipleLPSD,OBJ
000e3248,OBJDwemerGearsSingleLPSD,OBJ
000e3233,OBJDwemerPipeFanLP,OBJ
000e0d25,NPCKillSwordSpin,NPC
000e0d24,NPCKillShove,NPC
000e0d23,NPCHorseIdleHeadShake,NPC
000e0d22,NPCHorseIdleHead03,NPC
000e0d21,NPCHorseIdleHead01B,NPC
000e0d20,NPCHorseIdleHead01A,NPC
000dcaff,NPCKillStruggle,NPC
000dcaf7,NPCKillSmash,NPC
000dab87,MAGDestructionFrostBiteDragonFireLPM,MAG
000dab83,OBJGuardianStoneLPM,OBJ
000dab82,NPCKillGore,NPC
000dab81,NPCKillSlash,NPC
000dab80,NPCKillBodyfall,NPC
000dab7f,NPCKillStabOut,NPC
000dab7e,NPCKillStabIn,NPC
000d9377,NPCDragonAttackTalonExit,NPC
000d936e,NPCDragonAttackTalonEnter,NPC
000d936d,DRSWoodSingleShipLoadClose,DRS
000d936c,DRSWoodSingleShipLoadOpen,DRS
000d9345,DRSWoodSingleShipClose,DRS
000d9344,DRSWoodSingleShipOpen,DRS
000d9333,NPCWispInjured,NPC
000d872c,MUSBardDrum03SD,MUS
000d872b,MUSBardDrum02SD,MUS
000d872a,MUSBardDrum01SD,MUS
000d78c1,AMBrInteriorWoodRattle,AM
000d78bf,AMBrWindBedMarshInteriorLP,AM
000d78bc,AMBtInteriorShipWavesExterior03SD,AM
000d78ba,AMBtInteriorShipWaves03,AM
000d78b7,AMBtInteriorShipWaves01,AM
000d78b6,AMBDungeonCaveDripShipBLP,AMB
000d78b5,AMBDungeonCaveDripShipALP,AMB
000d78af,NPCWispDeath,NPC
000d78ae,NPCHareInjured,NPC
000d78ab,NPCHareDeath,NPC
000d78aa,NPCWitchlightInjured,NPC
000d78a8,NPCWitchlightDeath,NPC
000d76b7,QSTEldergleamRoot,QST
000d6de6,NPCHumanPIckAxeDistant,NPC
000d6dbf,NPCHumanPickAxe,NPC
000d6c14,FSTWaterPuddleWalk,FST
000d6c12,FSTPlayerWaterPuddleWalk,FST
000d3adc,NPCWitchlightConsciousLP,NPC
000d3adb,NPCWispAttack,NPC
000d3ad9,NPCWispConsciousLP,NPC
000d3ad0,NPCHareFootFront,NPC
000d3acf,QSTMehrunesRazorReforge,QST
000cd671,MAGRestorationFirePotion,MAG
000cc7c0,QSTSkyhavenRemanHeadClose,QST
000cc7bf,QSTSkyhavenRemanHeadOpen,QST
000cc7be,QSTSkyhavenBloodSeal04,QST
000cc7bd,QSTSkyhavenBloodSeal03,QST
000cc7bc,QSTSkyhavenBloodSeal02,QST
000cc7bb,QSTSkyhavenBloodSeal01,QST
000cb1b5,DRSRetractableBridgeStoneDownA,DRS
000caf96,DRSRetractableBridgeStoneDownB,DRS
000caf95,DRSRetractableBridgeStoneUp,DRS
000caf94,ITMFoodEat,ITM
000c9af6,NPCHagravenInjured,NPC
000c9af4,NPCHagravenDeath,NPC
000c3cba,NPCHagravenAttack,NPC
000c3cab,QSTGreybeardCallSD,QST
000c2936,AMBrWindBedWorldMapLP,AM
000c25cc,DRSStoneRotatingDiscClose,DRS
000c25cb,DRSStoneRotatingDiscOpen,DRS
000c2433,NPCHumanAlchemyTap,NPC
000c2432,NPCHumanAlchemyStir,NPC
000c2431,NPCHumanAlchemyPound,NPC
000c2430,NPCSkeletonCombatIdleShieldRally,NPC
000c242f,NPCSkeletonCombatIdle2GSTauntA,NPC
000c242e,NPCSkeletonCombatIdle1HMTauntC,NPC
000c242d,NPCSkeletonCombatIdle1HMTauntB,NPC
000c242c,NPCSkeletonCombatIdle1HMTauntA,NPC
000c1d8c,NPCSkeletonAttack,NPC
000c0df3,UIMapRolloverFlyout,UI
000c0df0,DRSWoodDoubleRough02MineClose,DRS
000c0dea,DRSWoodDoubleRough02MineOpen,DRS
000c0d89,NPCHagravenConsciousLP,NPC
000c0d1d,NPCHagravenFootWalkR,NPC
000c0d1c,NPCHagravenFootWalkL,NPC
000c0c7a,NPCGiantAttackVocal,NPC
000c0c74,NPCSkeletonConsciousLP,NPC
000bfb2d,NPCSkeletonInjured,NPC
000bfb29,NPCSkeletonDeath,NPC
000bfb21,NPCSkeletonFootWalkR,NPC
000bfb20,NPCSkeletonFootWalkL,NPC
000bfb1f,ITMIngredientEggWetUp,ITM
000b73ec,AMBWaterRapidsSmallLPSD,AMB
000b62ec,AMBWaterfallTallLPSD,AMB
000b60fa,AMBWaterfallMediumDistantLPSD,AMB
000b60e0,AMBWaterfallMedium2DLPSD,AMB
000b6090,AMBWaterRapidsMedium2DLPSD,AMB
000b601d,AMBWaterRapidsMediumLPSD,AMB
000b6019,AMBWaterfallLarge2DLPSD,AMB
000b2dd7,NPCGiantIdleSearching,NPC
000b2dd6,NPCGiantIdleKick,NPC
000b2dd5,NPCGiantIdleScratchHead,NPC
000b2dd4,NPCGiantIdleScratchBack,NPC
000b2dd3,NPCMammothAggroWarning02,NPC
000b2dd2,NPCMammothAggroWarning01,NPC
000b2dd1,DRScKnapackClose,DR
000b2dd0,DRScKnapackOpen,DR
000b2dc9,NPCMammothFootRunBack,NPC
000b2dc8,NPCMammothFootRunFront,NPC
000ac037,MAGIllusionFireLPM,MAG
000abf67,PHYBodyMediumGrassL,PHY
000abee6,PHYBodyMediumGrassH,PHY
000abee5,OBJPullBar,OBJ
000abee4,OBJPullChainUp,OBJ
000abece,OBJPullChainDown,OBJ
000a7247,VOCShoutImpactIceForm,VOC
000a7246,VOCShoutImpactDisarm,VOC
0009de95,DRSCoffinNightMotherCloseSD,DRS
0009de94,DRSCoffinNightMotherOpenSD,DRS
0009937b,AMBSewerGrateLPSD,AMB
0009932d,QSTTG08TowerCollapseSD,QST
00098565,QSTEsbernLocks03SD,QST
00098563,QSTEsbernLocks02SD,QST
00098562,QSTEsbernLocks01SD,QST
00097624,AMBDarkBrotherhoodDoor900LPSD,AMB
00097613,AMBDarkBrotherhoodDoorLPSD,AMB
0009611d,UILoadscreenMist,UI
0009610b,NPCGiantAttackPowerForward,NPC
000960fc,MUSBardFlute02SD,MUS
000960ea,MAGRestorationBaneOfTheDeadExplosion2D,MAG
000960e9,MAGRestorationCharge300,MAG
000960e6,MAGConjureBoundWeaponLP,MAG
0006be20,UIMagicUnselect,UI
0006be1f,UIMagicSelect,UI
00068d8a,UIShoutLearnAll,UI
00068d83,UIShoutLearnSingle,UI
00051ceb,NPCFalmerIdleScratch,NPC
00051a01,NPCFalmerAggroWarning,NPC
0005194b,VOCShoutFXDisarmC,VOC
00051939,VOCShoutFXDisarmB,VOC
00051937,VOCShoutFXDisarmA,VOC
00051936,NPCWerewolfTransformationSD,NPC
000379f5,QSTUstengravRumbleStatue02SD,QST
000379d0,QSTUstengravRumbleStatue01SD,QST
00037926,QSTUstengravRumble2DLPMSD,QST
0002e182,QSTAstrolabeLexiconOpen,QST
0002e17d,QSTAstrolabeLexiconClose,QST
0002e171,QSTAstrolabeLensOpen3D,QST
0002e16f,QSTAstrolabeLensOpen2D,QST
0002e16c,QSTAstrolabeHubTurnThreeFour3D,QST
0002e16a,QSTAstrolabeHubTurnThreeFour2D,QST
0002e167,QSTAstrolabeHubTurnOneTwo3D,QST
0002e165,QSTAstrolabeHubTurnOneTwo2D,QST
0002e15f,QSTAstrolabeHubRetract3D,QST
0002e15b,QSTAstrolabeHubRetract2D,QST
0002e156,QSTAstrolabeHatchOpen3D,QST
0002e155,QSTAstrolabeHatchOpen2D,QST
0002e150,QSTAstrolabeButtonPress,QST
0002e14f,QSTAstrolabeButtonOpen,QST
0002e049,QSTAstrolabeArmillary3D,QST
0002df24,QSTAstrolabeArmillary2D,QST
00017057,QSTMercerRampFall,QST
0001646d,AMBrWindForestPineGustB01,AM
0001646c,AMBrWindForestPineGustA01,AM
00090c60,TRPDwemerShaftRotate,TRP
00090c55,TRPDwemerShaftCageUp,TRP
00089382,CWaterHumanoid,ERROR
00089381,CWaterLarge,ERROR
00089380,CWaterMedium,ERROR
00089375,CWaterSmall,ERROR
00085d5a,DRSCaveSecretClose,DRS
00085d59,DRSCaveSecretOpen,DRS
0007f8eb,VOCShoutFXFrostBreathC,VOC
0007f8e7,VOCShoutFXFrostBreathB,VOC
0007f8e6,VOCShoutFXFrostBreathA,VOC
0007f8e5,VOCShoutProjectileFireBreathA,VOC
00079af4,NPCWolfBreatheRun,NPC
00079af0,PHYBodyMediumWoodL,PHY
00079aef,PHYBodyMediumWoodH,PHY
00078701,NPCDwarvenSphereConsciousLP,NPC
00072915,VOCShoutFXFireBreathC,VOC
000728da,VOCShoutFXFireBreathB,VOC
000728ce,VOCShoutFXFireBreathA,VOC
0006f3ac,NPCDwarvenCenturionFullScan,NPC
0006f3ab,NPCDwarvenCenturionStall,NPC
0006a872,QSTChargenCaveInHall3D,QST
0006a86f,QSTChargenCaveInHall2D,QST
0006a86e,QSTChargenCaveInBridge3D,QST
0006a86d,QSTChargenCaveInBridge2D,QST
0006a86c,NPCChaurusTaunt01,NPC
0006a86b,NPCChaurusFeed02,NPC
0006a86a,NPCChaurusFeed01,NPC
0006a869,NPCChaurusMandibles03,NPC
0006a868,NPCChaurusMandibles02,NPC
0006a867,NPCChaurusMandibles01,NPC
000661ce,FSTPlayerIceSneakR,FST
000661cd,FSTPlayerIceSneakL,FST
000661cc,FSTPlayerWoodSneakR,FST
000661cb,FSTPlayerWoodSneakL,FST
000661ca,FSTPlayerStoneSolidSneakR,FST
000661c9,FSTPlayerStoneSolidSneakL,FST
000661c8,FSTPlayerGravelSneakR,FST
000661c7,FSTPlayerGravelSneakL,FST
000661c6,FSTPlayerGrassSneakR,FST
000661c5,FSTPlayerGrassSneakL,FST
000661c4,FSTPlayerDirtSneakR,FST
000661c3,FSTPlayerDirtSneakL,FST
000661c2,FSTPlayerCarpetSneakR,FST
000661c1,FSTPlayerCarpetSneakL,FST
000624b1,PHYMaterialBlade1HandSmallH,PHY
000624b0,PHYMaterialBlade1HandSmallL,PHY
000624ab,PHYGenericClothL,PHY
000624aa,PHYGenericClothH,PHY
0005cf15,NPCMudcrabBreatheLP,NPC
0005cf0b,PHYBookL,PHY
0005cf0a,PHYBookH,PHY
0005cefa,PHYGenericMetalHeavyL,PHY
0005cef9,PHYGenericMetalHeavyH,PHY
0005cef6,PHYGenericMetalMediumL,PHY
0005cef5,PHYGenericMetalMediumH,PHY
0004cbb7,VOCShoutFXAnimalAllegiance,VOC
0004739a,NPCWolfAttackPowerShort,NPC
00047399,NPCMudcrabAttackForwardJump,NPC
00047394,NPCMudcrabAttackCombo,NPC
00047383,NPCMudcrabAttack,NPC
0004737d,NPCHorkerInjured,NPC
0004737c,NPCHorkerDeath,NPC
0004737b,NPCHorkerAttackPowerStanding,NPC
00047379,NPCHorkerAttackPowerForward,NPC
000452ce,PHYWaterSplash,PHY
00044f5d,VOCShoutImpactStormCallFarSD,VOC
00044f5c,VOCShoutImpactStormCallNearSD,VOC
00044f5b,NPCHorkerAggroWarning,NPC
000428b8,NPCHorkerFootFront,NPC
000428b7,NPCHorkerFootBack,NPC
0003e8a4,NPCMudcrabIdle,NPC
0003e8a3,NPCMudcrabInjured,NPC
0003e8a2,NPCMudcrabDeath,NPC
00037e12,FSTPlayerWaterSprintR,FST
00037e11,FSTPlayerWaterSprintL,FST
00037e10,FSTIceSprintLSD,FST
00037e0f,FSTIceWalkRSD,FST
00037e0e,FSTIceWalkLSD,FST
00037e0d,FSTIceRunRSD,FST
00037e0c,FSTIceRunLSD,FST
00037ded,FSTPlayerIceSprintRSD,FST
0002362d,FSTStoneBarefootRunR,FST
0002362c,FSTStoneBarefootRunL,FST
0002362b,FSTWoodBarefootWalkR,FST
0002362a,FSTWoodBarefootWalkL,FST
00023629,FSTWoodBarefootRunR,FST
00023628,FSTWoodBarefootRunL,FST
00023627,FSTCarpetWalkR,FST
00023626,FSTCarpetWalkL,FST
00023625,FSTCarpetRunR,FST
00023624,FSTCarpetRunL,FST
00023581,WPNImpactBlunt2HandVsOther,WPN
000233be,DRScDisplayCaseClose,DR
00023369,DRScDisplayCaseOpen,DR
00015bcf,NPCDogIdleSniff,NPC
00015bc2,NPCDogIdleScratchB,NPC
00015bb3,NPCDogIdleShake,NPC
00015bb2,NPCDogIdleScratchA,NPC
00015bb1,NPCDogIdleWhine,NPC
00013593,NPCDogAggroWarning,NPC
000e8c3c,NPCDogAttackPower,NPC
000e8c3b,NPCDogAttack,NPC
000e7b94,NPCSprigganAttackB,NPC
000e7b93,NPCSprigganAttackA,NPC
000e752d,PHYMaterialBlunt2HandL,PHY
000e752c,PHYMaterialBlunt2HandH,PHY
000e7529,PHYMaterialBlunt1HandL,PHY
000e7528,PHYMaterialBlunt1HandH,PHY
000e7524,PHYMaterialBlade2HandL,PHY
000e7523,PHYMaterialBlade2HandH,PHY
000e7522,AMBWeatherThunderDistant,AMB
000e7521,NPCWolfAttackPower,NPC
000e68e8,NPCWolfAggroWarning,NPC
000e670f,NPCMudcrabDigIn,NPC
000e670e,NPCMudcrabDigOut,NPC
000e6532,NPCWolfBreathe,NPC
000e64a7,WPNBlockBlunt2HandVsOther,WPN
000e4f24,PHYMeatH,PHY
000e4f23,PHYMeatL,PHY
000e4f11,WPNBlunt2HandSheathe,WPN
000e4f10,WPNBlunt2HandDraw,WPN
000e4f0e,WPNImpactBlunt2HandVsWood,WPN
000e4cad,WPNImpactBlunt2HandVsFlesh,WPN
000e4cac,WPNSwing2Hand,WPN
000e4ca7,FSTPlayerWoodBarefootSprintR,FST
000e4ca6,FSTPlayerWoodBarefootSprintL,FST
000e4ca5,FSTPlayerWoodBarefootRunR,FST
000e4ca4,FSTPlayerWoodBarefootRunL,FST
000e41e3,FSTPlayerBarefootStoneSprintR,FST
000e41e2,FSTPlayerBarefootStoneSprintL,FST
000e41e1,FSTPlayerBarefootStoneRunR,FST
000e41e0,FSTPlayerBarefootStoneRunL,FST
000e41df,FSTPlayerBarefootStoneWalkRSD,FST
000e41de,FSTPlayerBarefootStoneWalkLSD,FST
000e3cb9,DRScNobleGeneralClose,DR
000e3cb8,DRScNobleGeneralOpen,DR
000e360c,AMBWaterCoastWavesDistantLPSD,AMB
000de18f,NPCDogDeath,NPC
000de18e,NPCDogInjured,NPC
000dde3b,FXFireMedium01LPSD,FX
000dce96,NPCWolfFootWalkBack,NPC
000dce95,NPCWolfFootWalkFront,NPC
000dce93,ITMNirnrootLPSD,ITM
000dce89,AMBWaterBoatLapExteriorSmallLPSD,AMB
000dce87,AMBWindSnowBlowingLPSD,AMB
000dce83,AMBWaterBoatLapInteriorLargeLPSD,AMB
000db85a,MUSBardFlute01SD,MUS
000db6e0,AMBWaterCoastWavesLPSD,AMB
000db6df,AMBrWindCoastGustB,AM
000db6de,AMBrWindCoastGustA,AM
000db6dd,AMBrWindBedCoastLP,AM
000d8d4c,NPCWolfHowlDistant,NPC
000d8d4b,NPCWolfHowl,NPC
000d42e3,AMBrCricketsReachNight07LPSD,AM
000d42e2,AMBrCricketsReachNight06LPSD,AM
000d42e1,AMBrCricketsReachNight05LPSD,AM
000d42e0,AMBrCricketsReachNight04LPSD,AM
000d42df,AMBrCricketsReachNight03LPSD,AM
000d42de,AMBrCricketsReachNight02LPSD,AM
000d42dd,AMBrCricketsReachNight01LPSD,AM
000d42dc,AMBrInsectsReachA01,AM
000d4047,AMBrFrogsReachNight01RadLPSD,AM
000d4046,AMBrWindReachGustB,AM
000d4045,AMBrWindReachGustA,AM
000d4044,AMBrWindBedReachLP,AM
000d206d,AMBrInsectsMarshC01,AM
000d206c,AMBrFrogsForestPineNightLPSD,AM
000d206b,AMBrCricketsMarshMorning04LP,AM
000d206a,AMBrCricketsMarshMorning03LP,AM
000d2069,AMBrCricketsMarshMorning02LP,AM
000d2068,AMBrCricketsMarshMorning01LP,AM
000d2067,AMBrWindMarshGustB,AM
000d2066,AMBrWindMarshGustA,AM
000d2065,AMBrWindBedMarshLP,AM
000cf2ca,AMBrWindMountainGustB,AM
000cf2c9,AMBrBirdsSnowy2DayB01,AM
000cf2c8,AMBrBirdsSnowy2DayA01,AM
000cf2c7,AMBrWindBedMountainsLP,AM
000cab5b,AMBWeatherRainDrizzleLP,AMB
000c8c77,UIEnchantingLearnEffect,UI
000c8c76,UIEnchantingItemDestroy,UI
000c8c75,UIAlchemyLearnEffect,UI
000c8c74,UIAlchemyCreatePotion,UI
000c8c73,UISmithingImproveArmor,UI
000c8c72,UIAlchemyFail,UI
000c8c71,UIEnchantingItemCreate,UI
000c8c70,UISmithingImproveWeapon,UI
000c8c6f,UIAlchemyCreatePoison,UI
000c8c6e,UISelectOff,UI
000c8c6d,UISelectOn,UI
000c8237,FSTPlayerCarpetSprintR,FST
000c8236,FSTPlayerCarpetSprintL,FST
000c8235,FSTPlayerCarpetWalkR,FST
000c8234,FSTPlayerCarpetWalkL,FST
000c8233,FSTPlayerCarpetRunR,FST
000c8232,FSTPlayerCarpetRunL,FST
000c7a56,ITMNoteClose,ITM
000c7a55,ITMNoteOpen,ITM
000c7a54,ITMNoteUp,ITM
000c6e02,DRSIronPrisonCellGrateClose,DRS
000c6e01,DRSIronPrisonCellGrateOpen,DRS
000c6d13,UIQuestInactive,UI
000c6d12,DRSWoodDoubleLight03Close,DRS
000c6d11,DRSWoodDoubleLight03Open,DRS
000c5d08,AMBtInteriorGeneric01LPSD,AM
000c52f7,WPNImpactCrGiantClubVsFlesh,WPN
000c4e30,WPNImpactCrGiantClubVsDirt,WPN
000c4e2e,NPCGiantConsciousLP,NPC
000c4cca,NPCGiantInjured,NPC
000c2b73,DRSWoodTrapDoorClose,DRS
000c2b72,DRSWoodTrapDoorOpen,DRS
000c1ad4,PHYBodyLargeH,PHY
000c1ad3,PHYBodyLargeL,PHY
000c1ad1,WPNImpactUnarmedVsOther,WPN
000c1919,UILockpickingCylinderTurn,UI
000c1918,UILockpickingPickTensionLPM,UI
000c1917,UILockpickingUnlock,UI
000c1916,UILockpickingPickBreak,UI
000c1915,UILockpickingCylinderSqueakB,UI
000c1914,UILockpickingCylinderSqueakA,UI
000c1912,UILockpickingCylinderStop,UI
000c1911,UILockpickingPickMovement,UI
000c1910,UILockpickingEnter,UI
000c190d,WPNImpactUnarmedVsFlesh,WPN
000c06d1,WPNSwingUnarmed,WPN
000c06d0,WPNUnarmedSheathe,WPN
000c06cf,WPNUnarmedDraw,WPN
000c06ce,UISneakAttack,UI
000c0303,DRSIronAlleyClose,DRS
000c0302,DRSIronAlleyOpen,DRS
000bfbec,DRSSlotClose,DRS
000bfbeb,DRSSlotOpen,DRS
000bfbea,DRSLadderWood,DRS
000bfbe9,DRSWoodSingleHeavy01Close,DRS
000bfbe8,DRSWoodSingleHeavy01Open,DRS
000bfbe7,FSTPlayerWaterJumpDown,FST
000bfbe6,FSTPlayerWaterSneakR,FST
000bfbe5,FSTPlayerWaterSneakL,FST
000bfbe4,FSTPlayerWaterRunR,FST
000bfbe3,FSTPlayerWaterRunL,FST
000bfbe2,FSTPlayerWaterWalkR,FST
000bfbe1,FSTPlayerWaterWalkL,FST
000bcf0a,DRSWoodGateBackyardClose,DRS
000bcf09,DRSWoodGateBackyardOpen,DRS
000bb055,DRSWoodStallSlideClose,DRS
000bb054,DRSWoodStallSlideOpen,DRS
000bad16,NPCChaurusInjured,NPC
000bad15,MAGFrostWallNodeLP,MAG
000bad14,MAGShockWallNodeLP,MAG
000bad13,ITMIngredientMushroomUp,ITM
000a2cc7,PHYBoulderLargeBoulderLSD,PHY
000a2cc6,TRPRockfallChuteOpenB,TRP
000a19ae,NPCBearAttackForwardB,NPC
000a19ad,NPCBearAttackForwardA,NPC
000a19ac,NPCBearAttackB,NPC
000a19ab,NPCBearAttackA,NPC
000a19a2,NPCBearFootBackRun,NPC
000a19a1,NPCBearFootFrontRun,NPC
000899ae,ITMCoinPouchDown,ITM
000899ad,ITMCoinPouchUp,ITM
00076560,MAGConjureReadyLP,MAG
00073fd9,MAGDestructionFireCharge300,MAG
0006f6d3,MAGIllusionCharge050,MAG
0006f456,NPCMammothInjured,NPC
00027e1f,NPCMammothDeathSD,NPC
0001c062,NPCMammothAttackB,NPC
0001c061,NPCMammothAttackA,NPC
0001c05f,NPCMammothConsciousLP,NPC
0001995c,MAGDestructionBlizzard2DLPM,MAG
00018f72,DRSStoneRotatingDiscLPMSD,DRS
000186df,DRScOreClose,DR
000186de,DrScOreOpen,ERROR
0001828a,TRPBearTrapReset,TRP
00018289,TRPBearTrapFire,TRP
000180c4,NPCGoatChew,NPC
000180c2,NPCGoatInjured,NPC
000180c1,NPCGoatDeath,NPC
00016ceb,NPCGoatAttackB,NPC
00016cea,NPCGoatAttackA,NPC
00016cab,NPCGoatBleat,NPC
0005e3d1,NPCGoatFootBell,NPC
0005e3d0,NPCGoatFootBack,NPC
0005e3cf,NPCGoatFootFront,NPC
00057f07,DRSIronCage01Close,DRS
00057f06,DRSIronCage01Open,DRS
00056b75,MAGConjurationCharge050,MAG
00055785,TRPPlatformSpikesDownSD,TRP
00055781,TRPPlatformSpikesUpSD,TRP
0005577c,TRPPressurePlateStoneSD,TRP
00044ed8,AMBUnderwater2DLPM,AMB
00044ed7,DRSWoodDoubleRough01Close,DRS
00044ed4,DRSWoodDoubleRough01Open,DRS
00044ec5,AMBBannerRockCairnLP,AMB
0002d1dd,DRSWoodDoubleLight02Close,DRS
0002d1cd,DRSWoodDoubleLight02Open,DRS
0002cacb,DRSWoodMainGate01Close,DRS
0002ca88,DRSWoodMainGate01Open,DRS
00097783,WPNBlockBlade2HandVsOtherSD,WPN
000949d3,WPNImpactBlade2HandVsFleshSD,WPN
0009003a,DRSRetractableBridgeWoodDownB,DRS
0008dc3d,NPCHumanExecutionerChopB,NPC
0008dc3c,NPCHumanExecutionerChopA,NPC
0008ccfc,NPCKill1HMDualWieldA,NPC
0008b6fd,DRSIronImpJail01Close,DRS
0008b6fc,DRSIronImpJail01Open,DRS
0008b6fb,DRSRetractableBridgeWoodDownA,DRS
0008b6fa,DRSRetractableBridgeWoodUp,DRS
00084d0f,DRScSackClose,DR
00084d0e,DRScSackOpen,DR
00084d0d,DRScPotClose,DR
00084d0c,DRScPotOpen,DR
00084783,OBJCarriageMove2DLPMSD,OBJ
0008477f,PHYCarriageWheelL,PHY
0008477e,PHYCarriageWheelH,PHY
00037d12,WPNBashShieldHDEMOCACHESD,WPN
0003490e,WPNBlade1HandDrawDEMOCACHE03SD,WPN
00034904,WPNBlade1HandDrawDEMOCACHE02SD,WPN
00034903,WPNBlade1HandDrawDEMOCACHE01SD,WPN
0002e54c,QSTDemoFinalShoutSD,QST
0002e2ee,NPCSpiderFrostbiteGiantFootR,NPC
0002e2ed,NPCSpiderFrostbiteGiantFootL,NPC
0002afd6,NPCSpiderFrostbiteGiantDeath,NPC
0002a615,NPCSpiderFrostbiteGiantAttackB,NPC
0002a60f,NPCSpiderFrostbiteGiantAttackA,NPC
0002a60b,NPCSpiderFrostbiteAttackImpact,NPC
00029876,TRPSwingGrateImpactFleshSD,TRP
000296ca,TRPSwingGrateImpactFleshxxxxxx,TRP
0002518f,MAGDestructionFireballExplosionDistant,MAG
0002518e,MAGDestructionFireballExplosion,MAG
000bf55b,NPCSpiderFrostbiteGiantBreatheLP,NPC
000bf451,NPCDraugrConsciousLP,NPC
000bf1a5,NPCKill1HMDraugrShortB,NPC
000bf0c8,NPCKill1HMTrollA,NPC
000bee7e,NPCDraugrCombatIdle1HMTauntC,NPC
000bee7d,NPCDraugrCombatIdle1HMTauntB,NPC
000bee7c,NPCDraugrCombatIdle1HMTauntA,NPC
000bee7b,NPCDraugrCombatIdleShieldRally,NPC
000bee7a,NPCDraugrCombatIdle2GSTauntA,NPC
000bee61,UIObjectiveFade,UI
000bee60,UIObjectiveNew,UI
000be3da,NPCDragonPriestCombatIdleThunder,NPC
000be3d9,NPCDragonPriest,NPC
000bcd31,AMBBirdTreeFlyAwaySD,AMB
000bcd30,AMBBirdTreeLPSD,AMB
000bb9da,NPCHumanCombatIdleShieldHit,NPC
000bb9d9,NPCHumanCombatIdleC,NPC
000bb9d8,NPCHumanCombatIdleB,NPC
000bb9d7,NPCHumanCombatIdleA,NPC
000bb9d6,XXXTestTone1000Hz0dBFS,XXX
000b97ce,NPCCowMooDistant,NPC
000b97cd,NPCCowMoo,NPC
000b97c5,NPCMudcrabFootWalkR,NPC
000b97c4,NPCMudcrabFootWalkL,NPC
000b9632,NPCAtronachFlameAttackB,NPC
000b9631,NPCAtronachFlameAttackA,NPC
000b9281,NPCAtronachFlameMovementLPM,NPC
000b6462,FSTPlayerSnowSprintRSD,FST
000b6461,FSTPlayerSnowSprintLSD,FST
000b6460,FSTPlayerSnowWalkRSD,FST
000b645f,FSTPlayerSnowWalkLSD,FST
000b645e,FSTPlayerSnowSneakRSD,FST
000b645d,FSTPlayerSnowSneakLSD,FST
000b645c,FSTPlayerSnowRunRSD,FST
000b645b,FSTPlayerSnowRunLSD,FST
000b645a,FSTPlayerSnowWalkArmorLightRSD,FST
000b6459,FSTPlayerSnowWalkArmorLightLSD,FST
000b6458,FSTPlayerSnowWalkArmorHeavyRSD,FST
000b6457,FSTPlayerSnowWalkArmorHeavyLSD,FST
000b6456,FSTPlayerSnowSprintArmorLightRSD,FST
000b6455,FSTPlayerSnowSprintArmorLightLSD,FST
000b6454,FSTPlayerSnowSprintArmorHeavyRSD,FST
000b6453,FSTPlayerSnowSprintArmorHeavyLSD,FST
000b6452,FSTPlayerSnowRunArmorLightRSD,FST
000b6451,FSTPlayerSnowRunArmorLightLSD,FST
000b6450,FSTPlayerSnowRunArmorHeavyRSD,FST
000b644f,FSTPlayerSnowRunArmorHeavyLSD,FST
000b6435,ITMPotionUse,ITM
000b6344,NPCHumanDrowning,NPC
000b6343,NPCAtronachFlameInjured,NPC
000b5d86,NPCAtronachFlameDeathExplosion2D,NPC
000b5d85,NPCAtronachFlameDeathExplosion3D,NPC
000b5d83,NPCAtronachFlameDeath,NPC
000b5d81,NPCAtronachFlameConsciousLP,NPC
000b5691,UIStartNewGame,UI
000b5690,FSTPlayerWoodStairsArmorLightRSD,FST
000b568f,FSTPlayerWoodStairsArmorLightLSD,FST
000b568e,FSTPlayerStoneSolidStairsArmorLightRSD,FST
000b568d,FSTPlayerStoneSolidStairsArmorLightLSD,FST
000b568c,FSTPlayerWoodSprintArmorLightRSD,FST
000b568b,FSTPlayerWoodSprintArmorLightLSD,FST
000b568a,FSTPlayerWoodRunArmorLightRSD,FST
000b5689,FSTPlayerWoodRunArmorLightLSD,FST
000b5688,FSTPlayerStoneSolidSprintArmorLightRSD,FST
000b5687,FSTPlayerStoneSolidSprintArmorLightLSD,FST
000b5686,FSTPlayerStoneSolidRunArmorLightRSD,FST
000b5685,FSTPlayerStoneSolidRunArmorLightLSD,FST
000b5684,FSTPlayerGravelSprintArmorLightRSD,FST
000b5683,FSTPlayerGravelSprintArmorLightLSD,FST
000b5682,FSTPlayerGravelRunArmorLightRSD,FST
000b5681,FSTPlayerGravelRunArmorLightLSD,FST
000b5680,FSTPlayerGrassSprintArmorLightRSD,FST
000b567f,FSTPlayerGrassSprintArmorLightLSD,FST
000b567e,FSTPlayerGrassRunArmorLightRSD,FST
000b567d,FSTPlayerGrassRunArmorLightLSD,FST
000b567c,FSTPlayerDirtSprintArmorLightRSD,FST
000b567b,FSTPlayerDirtSprintArmorLightLSD,FST
000b567a,FSTPlayerDirtRunArmorLightRSD,FST
000b5679,FSTPlayerDirtRunArmorLightLSD,FST
000af664,FXMeleePunchLarge,FX
000af63e,FXMeleePunchMedium,FX
000af63a,PHYBoulderSmallDirtL,PHY
000af639,PHYBoulderSmallDirtH,PHY
000af226,NPCAtronachStormInjured,NPC
000ae768,NPCAtronachStormAttackB,NPC
000ae767,NPCAtronachStormAttackA,NPC
000ae766,NPCAtronachStormAttackPowerForward,NPC
000ae765,NPCAtronachStormAttackPowerForwardBombThunder2D,NPC
000ae764,NPCAtronachStormAttackPowerForwardBomb,NPC
000ade24,VOCShoutFXSlowTimeIn,VOC
000abf39,NPCAtronachStormDeathSD,NPC
000abf37,NPCAtronachStormConsciousLP,NPC
000abf34,MAGDestructionSprigganBugSprayFireLPM,MAG
000abef5,NPCKill1HMBandit,NPC
000abef4,UISkillNewShoutLearned,UI
000abeee,UISkillsTransitionUp,UI
000abdef,NPCWolfAttackB,NPC
000abdee,NPCWolfAttackA,NPC
000abde5,NPCSpiderFrostbiteExitHole,NPC
000aa81b,FSTPlayerStoneSolidSprintArmorHeavyRSD,FST
000aa81a,FSTPlayerStoneSolidSprintArmorHeavyLSD,FST
000aa819,FSTPlayerStoneSolidRunArmorHeavyRSD,FST
000aa818,FSTPlayerStoneSolidRunArmorHeavyLSD,FST
000aa817,FSTPlayerWoodSprintArmorHeavyRSD,FST
000aa816,FSTPlayerWoodSprintArmorHeavyLSD,FST
000aa815,FSTPlayerWoodRunArmorHeavyRSD,FST
000aa814,FSTPlayerWoodRunArmorHeavyLSD,FST
000aa813,FSTPlayerGravelSprintArmorHeavyRSD,FST
000aa812,FSTPlayerGravelSprintArmorHeavyLSD,FST
000aa811,FSTPlayerGravelRunArmorHeavyRSD,FST
000aa810,FSTPlayerGravelRunArmorHeavyLSD,FST
000aa80f,FSTPlayerGrassSprintArmorHeavyRSD,FST
000aa80e,FSTPlayerGrassSprintArmorHeavyLSD,FST
000aa80d,FSTPlayerGrassRunArmorHeavyRSD,FST
000aa80c,FSTPlayerGrassRunArmorHeavyLSD,FST
000aa80a,AMBrRumbleTundraVolcanicRocks,AM
000aa809,AMBrRumbleTundraVolcanic,AM
000aa808,AMBWaterTundraVolcanicPoolsLPSD,AMB
000a956d,FXMeleeBiteMedium,FX
000a920b,NPCSprigganInjured,NPC
000a920a,NPCSprigganDeath,NPC
000a9201,NPCSprigganFootWalkR,NPC
000a9200,NPCSprigganFootWalkL,NPC
000a91fe,NPCSprigganConsciousLP,NPC
000a91fd,NPCWolfInjured,NPC
000a85c8,NPCWolfDeath,NPC
000a85c6,NPCWolfConsciousLP,NPC
000a84aa,NPCKill1HMDraugrB,NPC
000a84a9,NPCKill1HMDraugrA,NPC
000a7ea8,NPCDragonFlightRoarObstructedSD,NPC
000a5014,DRScBodyCreatureCloseSD,DR
000a5013,DRScBodyCreatureOpenSD,DR
000a28c4,VOCShoutFXElementalFuryOn,VOC
000a0f54,VOCShoutFXUnrelentingForceThunderC,VOC
000a0f53,VOCShoutFXUnrelentingForceThunderB,VOC
000a0f52,VOCShoutFXUnrelentingForceThunderA,VOC
000a0d90,QSTWindHrothgarPushback,QST
000a0872,VOCShoutImpactThrowVoiceSD,VOC
0009e573,NPCKillSabreCat1HMSword,NPC
0009e1b8,VOCShoutPowerClearSkiesMale03,VOC
0009e1b7,VOCShoutPowerClearSkiesMale02,VOC
0009e1b6,VOCShoutPowerClearSkiesMale01b,VOC
0009e1b5,VOCShoutPowerClearSkiesMale01a,VOC
0009ce5b,NPCKill1HMC,NPC
0009ce5a,NPCKill1HMB,NPC
0009ce59,NPCKill1HMA,NPC
0009ce58,VOCShoutFXBecomeEtherealIn2D,VOC
0009cb61,NPCHumanDrink,NPC
00096805,NPCHumanEat,NPC
00096449,PHYBodyMetalSmallL,PHY
00096448,PHYBodyMetalSmallH,PHY
00093af6,NPCDwarvenSpiderDeath,NPC
00093af5,NPCDwarvenSpiderMovementLPMSD,NPC
00093af3,NPCDwarvenSpiderInjured,NPC
00092f1f,NPCDwarvenSpiderFootDirtRSD,NPC
00092f1e,NPCDwarvenSpiderFootDirtLSD,NPC
00092c90,FXMeleeMetalImpactLargeFlesh,FX
0009173f,AMBWindloopMountainsCLPSD,AMB
0009150d,PHYBodyMetalLargeL,PHY
0009150c,PHYBodyMetalLargeH,PHY
0009150a,NPCDwarvenCenturionDeath,NPC
00091508,NPCDwarvenCenturionInjured,NPC
0009035c,NPCDwarvenSpiderConsciousLP,NPC
0008fc19,AMBrInsectsForestFallCicadas2DayLP,AM
0008fc18,AMBrInsectsForestFallCicadasBed2DayLP,AM
0008fc17,AMBrInsectsForestFallCicadasBed1MorningLP,AM
0008fc16,AMBrInsectsForestFallCicadas1MorningALP,AM
0008f95d,AMBWindloopMountainsHills01LPSD,AMB
0008f95c,NPCDwarvenCenturionAttackBash,NPC
0008f3f8,MAGDestructionFireCharge500,MAG
0008f3e7,MAGDestructionFireStormExplosion,MAG
0008f3e2,AMBrInsectsForestPineCicadas2DayA,AM
0008f3e1,AMBrInsectsForestPineCicadasBed2DayLP,AM
0008f3e0,AMBrInsectsForestPineCicadasBed1MorningLP,AM
0008f3df,AMBrInsectsForestPineCicadas1MorningA,AM
0008f3de,AMBrWindForestFallGustB01,AM
0008f3dd,AMBrWindForestFallGustA01,AM
0008e852,NPCDwarvenCenturionRecoil,NPC
0008e851,NPCDwarvenCenturionHibernateExit,NPC
0008e850,NPCDwarvenCenturionEquip,NPC
0008e84f,NPCDwarvenCenturionAttackStab,NPC
0008e84e,NPCDwarvenCenturionAttackSlash,NPC
0008e84d,NPCDwarvenCenturionAttackChop,NPC
0008e84c,NPCDwarvenCenturionAttackBack,NPC
0008e84b,NPCDwarvenCenturionAttackPowerForward,NPC
0008e5e8,NPCDwarvenCenturionAttackPowerForwardRush,NPC
0008d5f8,AMBrBirdsForestFall3NightK01,AM
0008d5f6,AMBrBirdsForestFall3NightH01,AM
0008d5f4,AMBrBirdsForestFall3NightD01,AM
0008d5f2,AMBrBirdsForestFall2DayL01SD,AM
0008d5f0,AMBrBirdsForestFall2DayK01SD,AM
0008d5ee,AMBrBirdsForestFall2DayJ01SD,AM
0008d5ec,AMBrBirdsForestFall2DayF01SD,AM
0008d5ea,AMBrBirdsForestFall2DayC01SD,AM
0008d5e8,AMBrBirdsForestFall2DayB01SD,AM
0008d5e6,AMBrBirdsForestFall2DayA01SD,AM
0008d5e4,AMBrBirdsForestFall1MorningF01,AM
0008d5e2,AMBrBirdsForestFall1MorningB01,AM
0008d5e1,AMBrWindBedForestFallLPSD,AM
0008d5e0,AMBrCricketsForestPineELPSD,AM
0008d5df,AMBrCricketsForestPineDLPSD,AM
0008d5dd,AMBrBirdsForestPine3NightH01SD,AM
0008cf7c,AMBrBirdsForestPine2DayW01SD,AM
0008cf7a,AMBrBirdsForestPine2DayT01SD,AM
0008cf78,AMBrBirdsForestPine2DayS01SD,AM
0008cf76,AMBrBirdsForestPine2DayK01SD,AM
0008cf74,AMBrBirdsForestPine2DayI01SD,AM
0008cf72,AMBrBirdsForestPine1MorningV01SD,AM
0008cf70,AMBrBirdsForestPine1MorningU01SD,AM
0008cf6e,AMBrBirdsForestPine1MorningR01SD,AM
0008cf6c,NPCDwarvenCenturionConsciousLP,NPC
0008bbc6,TRPOilLampBreak,TRP
0008af3e,AMBCobwebBreak,AMB
0008ad79,NPCBearAttackTurn,NPC
0008ad5c,NPCBearAttackForward,NPC
0008ad5b,NPCBearAttack,NPC
0008a3c1,NPCBearFootBack,NPC
0008a3c0,NPCBearFootFront,NPC
0008a3bf,NPCBearDeath,NPC
0008a3be,NPCBearInjured,NPC
0008a3bd,NPCBearConsciousLP,NPC
00089ef8,NPCDwarvenSpherePortExitB,NPC
00089ef7,NPCDwarvenSpherePortExitA,NPC
0008851d,NPCDwarvenSphereEquip,NPC
00088519,NPCDwarvenSphereRecoil,NPC
00088518,NPCDwarvenSphereStaggerMedium,NPC
00088517,NPCDwarvenSphereStaggerLight,NPC
00088516,NPCDwarvenSphereStaggerHeavy,NPC
00087f94,DRScTreasureDraugrSmallCloseSD,DR
00087f84,DRScTreasureDraugrSmallOpenSD,DR
000879b4,NPCHumanSweepB,NPC
000879b0,NPCHumanSweepA,NPC
0007f45d,DRSDrawbridgeDoorOpen,DRS
0007f459,DRSDrawbridgeChainsOpen,DRS
0007f422,FSTPlayerGravelSprintRSD,FST
0007f421,FSTPlayerGravelSprintLSD,FST
0007f420,FSTPlayerGravelRunRSD,FST
0007f41f,FSTPlayerGravelRunLSD,FST
0007f41e,FSTPlayerGravelWalkRSD,FST
0007f41d,FSTPlayerGravelWalkLSD,FST
0007f41c,FSTPlayerWoodSprintRSD,FST
0007f41b,FSTPlayerWoodSprintLSD,FST
0007f41a,FSTPlayerWoodRunRSD,FST
0007f419,FSTPlayerWoodRunLSD,FST
0007f418,FSTPlayerWoodWalkRSD,FST
0007f417,FSTPlayerWoodWalkLSD,FST
00077c01,UIJournalClose,UI
00077c00,UIJournalOpen,UI
00071fdb,FSTGravelJumpUpSD,FST
00071ae5,FSTSnowJumpUpSD,FST
00071ae3,FSTWoodJumpUpSD,FST
00071ae2,UIJournalTabsSD,UI
0006cb4e,NPCSpiderFrostbiteSpitProjectile,NPC
0006cb4d,NPCSpiderFrostbiteSpitImpact,NPC
0006a165,MAGIllusionInvisibilityOutMonoSD,MAG
0006a162,FSTStoneSolidJumpDownSD,FST
0006a161,FSTStoneSolidJumpUpSD,FST
0006a15f,FSTGrassJumpUpSD,FST
0006a15d,FSTDirtJumpUpSD,FST
0006636b,FSTWoodJumpDownSD,FST
00066369,FSTPlayerStoneSolidSprintRSD,FST
00066368,FSTPlayerStoneSolidSprintLSD,FST
00060dce,FSTPlayerStoneSolidRunRSD,FST
00060dc7,FSTPlayerStoneSolidRunLSD,FST
00060dc6,FSTPlayerStoneSolidWalkRSD,FST
00060dc5,FSTPlayerStoneSolidWalkLSD,FST
00060dbd,PHYBodyDragonDirtH,PHY
0005a28c,PHYBodySmallL,PHY
0005a28b,PHYBodySmallH,PHY
0005a284,PHYBodyMediumDirtL,PHY
0005a283,PHYBodyMediumDirtH,PHY
0005096d,NPCKill1HMD,NPC
0004e97f,FSTSwimTread,FST
0004e97c,FSTSwimSwim,FST
00042526,TRPOilIgniteLowSD,TRP
0004251d,TRPOilIgniteHighSD,TRP
0003ea9c,TRPRockfallReleaseSD,TRP
0003ea9b,TRPRockfallChuteReleaseSD,TRP
0003ea97,PHYBoulderMediumBoulderLSD,PHY
0003ea96,PHYBoulderMediumBoulderHSD,PHY
0003ea95,PHYBoulderMediumDirtHSD,PHY
0003ea93,PHYBoulderLargeBoulderHSD,PHY
00030401,NPCConjurePortalOpen2DSD,NPC
00030400,NPCConjurePortalClose2DSD,NPC
00023f0e,DRSLockedSD,DRS
00023f0d,TRPRockfallChuteCloseSD,TRP
00023f0c,TRPRockfallChuteOpenA,TRP
000876e8,PHYBoulderMediumDirtLSD,PHY
000876b4,PHYBoulderLargeDirtLSD,PHY
000876b3,PHYBoulderLargeDirtHSD,PHY
00087590,NPCMammothFootWalkBack,NPC
0008758f,NPCMammothFootWalkFront,NPC
0008758e,FSTPlayerGrassWalkRSD,FST
0008758d,FSTPlayerGrassWalkLSD,FST
0008758c,FSTPlayerGrassSprintRSD,FST
0008758b,FSTPlayerGrassSprintLSD,FST
0008758a,FSTPlayerGrassRunRSD,FST
00087589,FSTPlayerGrassRunLSD,FST
00087588,MAGIllusionCharge500SD,MAG
00086efe,MAGConjurePortalClose2DSD,MAG
00086efd,MAGConjurePortalOpen2DSD,MAG
00086efc,MAGRestorationCharge050SD,MAG
00086ef0,NPCDwarvenCenturionFootWalkRSD,NPC
00086eef,NPCDwarvenCenturionFootWalkLSD,NPC
0008691d,ITMBookPageTurnBackwardSD,ITM
00086919,FSTPlayerDirtSprintArmorHeavyRSD,FST
00086918,FSTPlayerDirtSprintArmorHeavyLSD,FST
00086917,FSTPlayerDirtRunArmorHeavyRSD,FST
00086916,FSTPlayerDirtRunArmorHeavyLSD,FST
00086915,FSTPlayerDirtSprintRSD,FST
00086914,FSTPlayerDirtSprintLSD,FST
00086913,FSTPlayerDirtRunRSD,FST
00086912,FSTPlayerDirtRunLSD,FST
00086911,FSTPlayerDirtWalkRSD,FST
00086910,FSTPlayerDirtWalkLSD,FST
00081971,MAGIllusionCharmHitSD,MAG
0008196f,MAGGenericProjectileImpactDistantSD,MAG
0008196e,MAGGenericProjectileImpactSD,MAG
0008196d,MAGIllusionReleaseAimedSD,MAG
0008196c,MAGIllusionCharge100SD,MAG
00081189,MAGAlterationDetectLifeCast2DLPM,MAG
00081187,AMBrCricketsForestPineC01SD,AM
00081186,AMBrCricketsForestPineALPSD,AM
0007f80d,AMBrBirdsForestPine1MorningA01SD,AM
0007edc8,AMBrBirdsForestPineDayLoop2DLPSD,AM
0007ea3c,ITMBookPageTurnForwardSD,ITM
0007ea3b,ITMBookCloseSD,ITM
0007ea3a,ITMBookOpenSD,ITM
0007ea38,FXUndeadTurnedLPSD,FX
0007ea37,VOCShoutFXDragonrendReleaseSD,VOC
0007e5db,VOCShoutFXFrostbreathCastLPMSD,VOC
0007e5da,VOCShoutFXFrostbreathRelease2DSD,VOC
0007e5c1,MAGIllusionInvisibilityInMonoSD,MAG
0007d014,MAGAlterationReleaseSD,MAG
0007d013,MAGAlterationCastLPMSD,MAG
0007c726,NPCElkDeathSD,NPC
0007c725,NPCElkInjuredSD,NPC
0007c721,MAGIllusionNightEyeOffSD,MAG
0007c720,MAGIllusionReadyLPSD,MAG
0007c71f,MAGIllusionChargeSD,MAG
0007bbae,MAGIllusionReleaseSelfSD,MAG
0007bbad,MAGIllusionNightEyeOnSD,MAG
0007bbab,MAGIllusionDrawSheatheLPMSD,MAG
0007a738,NPCDwarvenSpiderFootRSD,NPC
0007a737,NPCDwarvenSpiderFootLSD,NPC
0007a734,NPCDwarvenSphereDeathSD,NPC
0007a730,NPCDwarvenSphereInjuredSD,NPC
00078f1f,NPCElkFootWalkFrontSD,NPC
00078f1e,NPCElkFootWalkBackSD,NPC
00077250,NPCHorseFootSprintFrontSD,NPC
0007724f,NPCHorseFootSprintBackSD,NPC
0007724e,NPCHorseFootRunFrontSD,NPC
0007724d,NPCHorseFootRunBackSD,NPC
0007717d,NPCHorseDismountSD,NPC
0007717c,NPCHorseMountSD,NPC
00076b5b,NPCDwarvenSphereIdleCombatBSD,NPC
00076b5a,NPCDwarvenSphereIdleCombatASD,NPC
000703ca,NPCDwarvenSphereCloseSD,NPC
000703c8,NPCDwarvenSphereOpenSD,NPC
0006dd51,OBJSawMillSawMoveStop,OBJ
0006dd50,OBJSawMillSawMoveStart,OBJ
0006d2d2,OBJSawMillRunLPM,OBJ
0006d298,OBJSawMillForkReturnLPM,OBJ
0006d297,OBJSawMillForkPushLPM,OBJ
0006d296,OBJSawMillSawMoveUp,OBJ
0006d295,OBJSawMillSawMoveDown,OBJ
0006ce23,NPCDwarvenSphereMovementLPMSD,NPC
0006cc6f,UISkillsFocusSD,UI
0006cc5c,UISkillsGlowSD,UI
00064409,UISkillsPerkSelectBSD,UI
000643fe,UISkillsPerkSelectASD,UI
000605d3,WPNAxe2HandSheatheSD,WPN
0006036a,WPNAxe2HandDrawSD,WPN
0005afc9,DRSWoodImperialDouble01OpenSD,DRS
0005afc8,DRSWoodImperialDouble01CloseSD,DRS
0005afc7,DRSWoodImperialSingle01CloseSD,DRS
0005afc6,DRSWoodImperialSingle01OpenSD,DRS
00059e60,OBJSawMillLoad03Drop,OBJ
00059e5d,OBJSawMillLoad02Hoist,OBJ
00059e5c,OBJSawMillLoad01Hook,OBJ
00053a5e,MAGAlterationTelekinesisThrowSD,MAG
00053a5d,MAGAlterationTelekinesisGrabSD,MAG
0004c72c,OBJSawMillSawCutUp,OBJ
0004c72b,OBJSawMillSawCutDown,OBJ
0004bc6e,DRSDwemerSmall01CloseSD,DRS
0004b70f,DRSDwemerSmall01OpenSD,DRS
00040142,DRSDwemerLarge01CloseSD,DRS
0004013f,DRSDwemerLarge01OpenSD,DRS
0004013d,NPCHumanBladeGrindPedalLPSD,NPC
0006d937,NPCHumanBladeGrindLPMSD,NPC
0006d1c6,UIActivateFail,UI
0006d1c3,NPCDragonDeathFX2DSD,NPC
0006ccb9,NPCDragonDeathSD,NPC
0006ae35,NPCFalmerAttackPowerSD,NPC
0006ae34,NPCFalmerAttackSD,NPC
0006abd5,NPCGiantDeath,NPC
0006cb40,NPCGiantAttackStompSD,NPC
0006c3ce,NPCGiantAttackSwipeSD,NPC
0006c3cb,NPCGiantAttackClub02SD,NPC
0006c3ca,NPCGiantAttackClub01SD,NPC
0006c391,NPCHumanWoodPlaceSD,NPC
0006c390,NPCHumanWoodChopSD,NPC
0006b959,NPCFalmerInjuredSD,NPC
0006b460,UIFavorite,UI
00067978,NPCFalmerBreatheLPSD,NPC
00067599,NPCFalmerDeathSD,NPC
00067593,NPCTrollCombatIdleFlailSD,NPC
000674bf,NPCTrollCombatIdleIntimidateSD,NPC
00067186,NPCTrollCombatIdleRoarSD,NPC
00064118,TRPSwingGrateRetractLPMSD,TRP
00064117,TRPSwingGrateSwingLPMSD,TRP
000639a5,MAGRuneImpactSD,MAG
000639a4,MAGRuneCastSD,MAG
0006399d,NPCChaurusDeathSD,NPC
00063222,NPCChaurusAttackSD,NPC
0005f721,AMBWeatherRainInteriorLPSD,AMB
0005f717,NPCHorseFootWalkFrontSD,NPC
0005f716,NPCHorseFootWalkBackSD,NPC
0005c303,NPCCharusBreatheLPSD,NPC
0005894f,NPCAtronachFrostAttackPowerImpact2DSD,NPC
000581db,NPCAtronachFrostAttackPowerImpactSD,NPC
00057b4f,NPCAtronachFrostAttackPower02BSD,NPC
00057b4e,NPCAtronachFrostAttackPower02ASD,NPC
00057b44,UILevelUpSD,UI
0005318a,AMBCivilWarBattleStartSD,AMB
00053187,AMBCivilWarBattleTest2DLPSD,AMB
0005317b,NPCAtronachFrostAttackPower01BSD,NPC
0005317a,NPCAtronachFrostAttackPower01ASD,NPC
0004f84d,NPCHumanCombatTorchBashPowerSD,NPC
0004e845,NPCAtronachFrostDeathSD,NPC
00044011,NPCCharusFootWalkFrontSD,NPC
00044010,NPCCharusFootWalkBackSD,NPC
00044004,NPCFalmerFootWalkRSD,NPC
00044003,NPCFalmerFootWalkLSD,NPC
00036883,NPCAtronachFrostAttackSD,NPC
0002399d,FXMeleeBiteSmallSD,FX
00023992,FXExplosionIceSD,FX
0002398a,WPNImpactBladeVsIceSD,WPN
0002133b,PHYCoinLSD,PHY
0002133a,PHYCoinHSD,PHY
000607dd,NPCIceWraithAttackWindupBSD,NPC
000607dc,NPCIceWraithAttackWindupASD,NPC
000604e9,UISkillsStopSD,UI
000604e8,UISkillsBackwardSD,UI
000604e7,UISkillsForwardSD,UI
0005ed6d,NPCAtronachFrostBreatheLPSD,NPC
0005de1e,NPCIceWraithFootWalkSD,NPC
0005dd82,NPCAtronachFrostFootWalkLSD,NPC
0005dd7b,NPCAtronachFrostFootWalkRSD,NPC
0005cc67,NPCDragonDeathAnimSD,NPC
0005cc65,NPCHumanCombatTorchBashSD,NPC
0005b37b,NPCDogBarkDistantSD,NPC
0005b37a,NPCDogBarkSD,NPC
0005a6fa,VOCShoutImpactPushImpactDragonSD,VOC
0005a6f6,VOCShoutFXElementalFuryEnchantmentLPSD,VOC
0005a018,MAGAlterationLightDrawSheatheLPMSD,MAG
0005a017,MAGLightDrawSheatheLPMSD,MAG
0005a014,DRSPortcullisGateCloseSD,DRS
0005a011,DRSPortcullisGateOpenSD,DRS
00058e2e,MAGShockConcentrationProjectileLPSD,MAG
00058e10,MAGIllusionInvisibilityOutSD,MAG
00058e0e,MAGIllusionnInvisibilityInSD,MAG
00057f93,UIMenuInactiveSD,UI
00057f92,UIQuestActive,UI
00057c6c,MAGShockConcentrationBoltSD,MAG
00057c65,MAGRestorationTurnUndeadFire2DSD,MAG
00057c63,MAGRestorationTurnUndeadProjectileSD,MAG
00057c61,MAGRestorationConcentrationFire2DSD,MAG
000571b2,MAGAlterationIronFleshFireSD,MAG
00056ac5,MAGMysticismSoulTrapCaptureSD,MAG
00056ac3,MAGMysticismSoulTrapActiveLPSD,MAG
00056623,MAGRestorationCircleOfProtection2DLPSD,MAG
00056622,MAGRestorationChargeSD,MAG
00055fbb,NPCCowTailSwingSD,NPC
00055abb,NPCCowChewCudSD,NPC
00055871,FXDustASD,FX
0005586b,NPCDragonInjuredFlightSD,NPC
0005300d,NPCDragonDeathSequenceSmolderLPMSD,NPC
0005300c,NPCDragonDeathSequenceFireLPMSD,NPC
0005300b,NPCDragonDeathSequenceWindSD,NPC
0005300a,NPCDragonDeathSequenceExplosionSD,NPC
0005221a,PHYArrowHSD,PHY
0004dbab,ITMIngredientMeatUp,ITM
0003cc09,ITMIngredientDigUp,ITM
000314b3,NPCGiantFootDistantRSD,NPC
00031389,NPCGiantFootDistantLSD,NPC
00021706,QSTWordWallGlowLPSD,QST
00021705,QSTWordWallWhisper2DLPSD,QST
0005228e,NPCKillS1CASD,NPC
0005228d,NPCKillMPLASD,NPC
000519d5,ITMIngredientStemUp,ITM
000519d1,ITMIngredientStemDown,ITM
000517c9,ITMIngredientBushUp,ITM
000517c8,ITMIngredientBushDown,ITM
00051787,PHYBottleSmallLSD,PHY
00051786,PHYBottleSmallHSD,PHY
000513ed,NPCKillS1GASD,NPC
000513ec,NPCKillS1OASD,NPC
000513eb,NPCKillS1IASD,NPC
000513ea,NPCKillMKLASD,NPC
0005112a,DRSRuinsPuzzleRingTurnSD,DRS
00051129,DRSRuinsPuzzleKeyTurnSD,DRS
00051128,DRSRuinsPuzzleOpenLPMSD,DRS
00050db9,PHYBowsStavesLSD,PHY
00050db8,PHYBowsStavesHSD,PHY
00050af5,PHYPotsPansLSD,PHY
00050af4,PHYPotsPansHSD,PHY
000509f2,AMBrInsectsMarshCicadaSwellSD,AM
000509ef,AMBrCricketsMarshNight07LPSD,AM
000509ee,AMBrCricketsMarshNight06LPSD,AM
000509ed,AMBrCricketsMarshNight05LPSD,AM
000509ec,AMBrCricketsMarshNight04LPSD,AM
000509eb,AMBrCricketsMarshNight03LPSD,AM
000509ea,AMBrCricketsMarshNight02LPSD,AM
000509e9,AMBrCricketsMarshNight01LPSD,AM
000509e8,AMBrCricketsMarshDay09LPSD,AM
000509e7,AMBrCricketsMarshDay08LPSD,AM
000509e6,AMBrCricketsMarshDay07LPSD,AM
000509e5,AMBrCricketsMarshDay06LPSD,AM
000509e4,AMBrCricketsMarshDay05LPSD,AM
000509e3,AMBrCricketsMarshDay04LPSD,AM
000509e2,AMBrCricketsMarshDay03LPSD,AM
000509e1,AMBrCricketsMarshDay02LPSD,AM
000509e0,AMBrCricketsMarshDay01LPSD,AM
000509de,AMBrBirdsMarsh3NightE01SD,AM
000509dc,AMBrBirdsMarsh3NightD01SD,AM
000509da,AMBrBirdsMarsh3NightC01SD,AM
000509d8,AMBrBirdsMarsh3NightB01SD,AM
000509d6,AMBrBirdsMarsh3NightA01SD,AM
000509d4,AMBrBirdsMarsh2DayD01SD,AM
000509d2,AMBrBirdsMarsh2DayC01SD,AM
000509d0,AMBrBirdsMarsh2DayB01SD,AM
000509ce,AMBrBirdsMarsh2DayA01SD,AM
000509cc,AMBrBirdsMarsh1MorningB01SD,AM
00050013,AMBrBirdsMarsh1MorningA01SD,AM
0004fff9,AMBrCricketsMarshDay06LPSD2,AM
0004fa3b,MAGWardDropSD,MAG
0004fa0b,NPCDogPantLPMSD,NPC
0004e865,NPCDogFootWalkFrontSD,NPC
0004e864,NPCDogFootWalkBackSD,NPC
0004e792,MAGConjurePortalSD,MAG
0004e210,MAGWardTestCastLPMSD,MAG
0004e206,NPCCowFootWalkBackSD,NPC
0004e205,NPCCowFootWalkFrontSD,NPC
0004daae,UIHealthHeartbeatBLPSD,UI
0004daad,UIHealthHeartbeatALPSD,UI
0004d2de,WPNImpactArrowVsShieldHeavySD,WPN
0004d2da,WPNImpactArrowVsShieldLightSD,WPN
0004d2c1,NPCIceWraithDeathSD,NPC
0004d2be,NPCIceWraithAttackSD,NPC
0004d2bb,NPCIceWraithBreatheLPSD,NPC
0004d2b7,PHYArrowLSD,PHY
0004d2af,PHYMaterialCeramicHSD,PHY
0004d2ac,PHYMaterialCeramicLSD,PHY
0004d2a4,NPCCowBreatheLPSD,NPC
00040d86,AMBrBirdsForestFall2DayZL01SD,AM
00040d80,AMBrBirdsForestFall2DayZK01SD,AM
00040d7a,AMBrBirdsForestFall2DayZJ01SD,AM
00040d74,AMBrBirdsForestFall2DayZF01SD,AM
00040d2e,AMBrBirdsForestFall2DayX01SD,AM
00040b74,AMBrBirdsForestFall2DayW01SD,AM
00040afe,AMBrBirdsForestFall2DayV01SD,AM
00040af8,AMBrBirdsForestFall2DayU01SD,AM
00040af0,AMBrBirdsForestFall2DayT01SD,AM
00040aea,AMBrBirdsForestFall2DayI01SD,AM
00040ae2,AMBrBirdsForestFall2DayH01SD,AM
00040ad6,AMBrBirdsForestFall2DayG01SD,AM
00040a60,AMBrBirdsForestFall1MorningZG01SD,AM
000404f9,AMBrBirdsForestFall1MorningZD01SD,AM
0004046b,AMBrBirdsForestFall1MorningZ01SD,AM
00040465,AMBrBirdsForestFall1MorningY01SD,AM
0004045f,AMBrBirdsForestFall1MorningS01SD,AM
0004045d,DRSIronDoubleNordicMedium02OpenSD,DRS
00040453,DRSIronDoubleNordicMedium02CloseSD,DRS
0004044e,AMBrWindMountainHeavyLPSDa,AM
00040445,PHYOrganicSmallLSD,PHY
00040437,PHYOrganicSmallHSD,PHY
00040435,AMBWindloopMountainsBLPSD,AMB
00040422,NPCHumanBlacksmithHammerDistantSD,NPC
00040410,NPCHumanBlacksmithHammerSD,NPC
00040404,VOCShoutTestSlowTime03SD,VOC
00040403,VOCShoutTestSlowTime02SD,VOC
00040402,VOCShoutTestSlowTime01bSD,VOC
00040401,VOCShoutTestSlowTime01aSD,VOC
000403ff,TRPBoneAlarmSD,TRP
000403fa,AMBrBirdsForestPine3NightOwlSD,AM
00040357,AMBrCricketsIndividual01SD,AM
0003ff8b,AMBrBirdsForestPine2DayZN01SD,AM
0003fd2b,AMBrBirdsForestPine2DayZH01SD,AM
0003fd0f,AMBrBirdsForestPine2DayZB01SD,AM
0003fcff,AMBrBirdsForestPine2DayZA01SD,AM
0003fcf3,AMBrBirdsForestPine2DayR01SD,AM
0003fceb,AMBrBirdsForestPine2DayQ01SD,AM
0003fce1,AMBrBirdsForestPine2DayP01SD,AM
0003fc8e,AMBrBirdsForestPine2DayO01SD,AM
0003fc88,AMBrBirdsForestPine2DayL01SD,AM
0003fc82,AMBrBirdsForestPine2DayJ01SD,AM
0003fc78,AMBrBirdsForestPine2DayD01SD,AM
0003fc70,AMBrBirdsForestPine2DayC01SD,AM
0003fc66,AMBrBirdsForestPine2DayB01SD,AM
0003fc59,AMBrBirdsForestPine2DayA01SD,AM
0003fc52,AMBrBirdsForestPine1MorningZE01SD,AM
0003fc07,AMBrBirdsForestPine1MorningN01SD,AM
0003fa30,AMBrBirdsForestPine1MorningM01SD,AM
0003fa1c,AMBrBirdsForestPine1MorningK01SD,AM
0003f953,AMBrBirdsForestPine1MorningF01SD,AM
0003f8ce,AMBrBirdsForestPine1MorningC01SD,AM
0003f8cd,DRScEggsackCloseSD,DR
0003f8ca,DRScEggsackOpenSD,DR
0003f8c4,NPCDraugrAlcoveExitBSD,NPC
0003f8bb,NPCDraugrAlcoveExitASD,NPC
0003f8b8,FXFireEmbers01ForgeLPSD,FX
0003f869,NPCDragonPriestCoffinAppear,NPC
0003f80a,NPCDragonPriestCoffinOpen,NPC
0003f7bf,PHYMaterialAxe1HandLSD,PHY
0003f5e6,PHYMaterialAxe1HandHSD,PHY
0003f5d7,NPCDragonPriestInjuredSD,NPC
0003f594,VOCShoutFXSlowTimeOutSD,VOC
0003f593,VOCShoutFXSlowTimeActiveLPSD,VOC
0003f560,AMBrInsectsTundraDayC01SD,AM
0003f531,AMBrInsectsTundraDayB01SD,AM
0003f519,AMBrInsectsTundraDayA01SD,AM
0003f416,AMBRCricketsTundraNight05LPSD,AMB
0003f414,AMBRCricketsTundraNight04LPSD,AMB
0003f412,AMBRCricketsTundraNight03LPSD,AMB
0003f410,AMBRCricketsTundraNight02LPSD,AMB
0003f40f,OBJBlacksmithForgeSD,OBJ
0003f40d,AMBRCricketsTundraNight01LPSD,AMB
0003f405,AMBrWindTundraGustB01SD,AM
0003f3fd,AMBrWindTundraGustA01SD,AM
0003f3fc,AMBrWindBedTundraLPSD,AM
0003f3fb,VOCShoutTestSprint03SD,VOC
0003f3fa,VOCShoutTestSprint02SD,VOC
0003f3f9,VOCShoutTestSprint01bSD,VOC
0003f3f8,VOCShoutTestSprint01aSD,VOC
0003f3f5,NPCDragonPriestDeathSD,NPC
0003f3f4,NPCDragonPriestBreatheLPSD,NPC
0003f3f1,NPCDragonAttackWingSD,NPC
0003f3ef,NPCDragonAttackBiteSD,NPC
0003f3ea,PHYGenericWoodMediumLSD,PHY
0003f3e5,PHYGenericWoodMediumHSD,PHY
0003f3e2,FXFireEmbers01LPSD,FX
0003f3dd,PHYBottleLSD,PHY
0003f3d8,PHYBottleHSD,PHY
0003f3d7,VOCShoutFXSprintFireSD,VOC
0003f3d3,PHYGenericDirtMediumLSD,PHY
0003f3cf,PHYGenericDirtMediumHSD,PHY
0003f3cb,PHYGenericDirtLightLSD,PHY
0003f3c7,PHYGenericDirtLightHSD,PHY
0003f3c3,PHYGenericDirtHeavyLSD,PHY
0003f3bf,PHYGenericDirtHeavyHSD,PHY
0003f3bb,PHYGenericSnowMediumLSD,PHY
0003f3b7,PHYGenericSnowMediumHSD,PHY
0003f3b4,PHYGenericSnowLightLSD,PHY
0003f3b1,PHYGenericSnowLightHSD,PHY
0003f3ac,PHYGenericSnowHeavyLSD,PHY
0003f3a6,PHYGenericSnowHeavyHSD,PHY
0003f3a1,PHYGenericGrassLightLSD,PHY
0003f395,PHYGenericGrassLightHSD,PHY
0003f38f,PHYGenericGrassMediumLSD,PHY
0003f389,PHYGenericGrassMediumHSD,PHY
0003f385,PHYGenericGrassHeavyLSD,PHY
0003f381,PHYGenericGrassHeavyHSD,PHY
0003f37e,NPCSpiderFrostbiteAttackSpitSD,NPC
0003f37d,MAGLightReadyLPSD,MAG
0003f37c,MAGLightFireSD,MAG
0003f37b,MAGLightChargeSD,MAG
0003f37a,MAGAlterationDrawSheatheLPMSD,MAG
0003f379,NPCSpiderFrostbiteAttackBiteSD,NPC
0003f36f,AMBrDungeonFortCreaking01SD,AM
0003f365,AMBtDungeonFortGeneric2DLPSD,AM
0003f364,UITweenSelectSD,UI
0003f363,MAGRestorationReadyLPSD,MAG
0003f361,MAGRestorationFFFireSD,MAG
0003f35f,NPCDragonFlightRoarSD,NPC
0003f35d,NPCDragonIdleSD,NPC
0003f35b,WPNBowZoomOutSD,WPN
0003f359,WPNBowZoomInSD,WPN
0003f355,PHYGenericWoodLightLSD,PHY
0003f350,PHYGenericWoodLightHSD,PHY
0003f34d,NPCSpiderFrostbiteAttackBSD,NPC
0003f34a,NPCSpiderFrostbiteAttackASD,NPC
0003f349,NPCSpiderFrostbiteBreatheLPSD,NPC
0003f347,NPCTrollIdleSD,NPC
0003f346,NPCTrollBreatheLPSD,NPC
0003f345,DRSIronNordicPortcullisGateLargeOpenSD,DRS
0003f342,DRSIronNordicPortcullisGateLargeCloseSD,DRS
0003f33c,NPCTrollAttackBSD,NPC
0003f336,NPCTrollAttackASD,NPC
0003f335,NPCDragonDisintegrateSD,NPC
0003f334,OBJNordicPuzzlePillarSD,OBJ
0003f320,VOCShoutImpactPushSD,VOC
0003f30c,DRScTreasureLargeOpenSD,DR
0003f305,DRScTreasureLargeCloseSD,DR
0003f2f6,NPCTrollDeathSD,NPC
0003f2f1,NPCTrollFootBackSD,NPC
0003f2ec,NPCTrollFootFrontSD,NPC
0003f2eb,MAGFrostbiteFire2DSD,MAG
0003f2ea,MAGFireboltFire2DSD,MAG
0003f2e8,NPCSpiderFrostbiteDeathSD,NPC
0003f2e4,NPCSpiderFrostbiteFootRSD,NPC
0003f2e0,NPCSpiderFrostbiteFootLSD,NPC
0003f2df,MAGCloakFrostLPSD,MAG
0003f2dc,PHYArmorLightLSD,PHY
0003f2d9,PHYArmorLightHSD,PHY
0003f2d6,PHYArmorHeavyLSD,PHY
0003f2d3,PHYArmorHeavyHSD,PHY
0003f2d0,PHYBasketLSD,PHY
0003f2cd,PHYBasketHSD,PHY
0003f2ca,PHYMaterialBlade1HandOtherLSD,PHY
0003f2c7,PHYMaterialBlade1HandOtherHSD,PHY
0003f2c6,MAGCloakShockLPSD,MAG
0003f2c5,MAGCloakFireLPSD,MAG
0003f2c2,NPCDraugrInjuredSD,NPC
0003f2c1,MAGCloakDrawSheatheLPMSD,MAG
0003f2bf,UIMenuBladeCloseSD,UI
0003f2bd,UIMenuBladeOpenSD,UI
0003f2ba,NPCDraugrDeathSD,NPC
0003f2b9,DRSIronDoubleNordicCage01CloseSD,DRS
0003f2b8,DRSIronDoubleNordicCage01OpenSD,DRS
0003f2b4,WPNBowProjectileSD,WPN
0003f2b3,UIVATSCameraOutSD,UIV
0003f2b2,UIVATSCameraInSD,UIV
0003f2b1,MAGConjureFireSD,MAG
0003f2ab,UIInventorySlideSD,UI
0003f293,UIInventoryOpenSD,UI
0003f28d,DRSWoodDoubleLight01Close,DRS
0003f26a,MAGConjureImpactSD,MAG
0003f269,MAGConjureDrawSheatheLPMSD,MAG
0003f25a,MAGCloakOutSD,MAG
0003f248,NPCDragonInjuredSD,NPC
0003f246,NPCDragonAttackTailWhipSD,NPC
0003f23d,NPCDragonAttackTail2DSD,NPC
0003f23b,NPCDragonAttackTailSD,NPC
0003f20d,MAGShockImpactSD,MAG
0003f20c,MAGShockChargeSD,MAG
0003f209,WPNSwingBladeAxeSD,WPN
0003f208,MAGShockDrawSheatheLPMSD,MAG
0003f206,MAGShockFFFireSD,MAG
0003f205,MAGShockConcentrationFireLPMSD,MAG
0003f204,FXFireCampfireLPSD,FX
0003f200,NPCDragonLandCrashShort2DSD,NPC
0003f1f4,NPCDragonLandCrashShortSD,NPC
0003f1f3,NPCDragonLandCrashLong2DSD,NPC
0003f1f2,NPCDragonLandCrashLongSD,NPC
0003f1f0,MAGIcicleReadyLPSD,MAG
0003efc0,MAGFlamesDragonImpactSD,MAG
0003ef56,MAGFlamesDragonFireLPMSD,MAG
0003ee0c,ITMGenericBookDownSD,ITM
0003edde,ITMGenericBookUpSD,ITM
0003edda,WPNImpactAxeLargeVsFleshSD,WPN
0003edd8,MAGIcicleImpactBreakSD,MAG
0003edd6,MAGIcicleImpactSD,MAG
0003edd5,MAGIcicleChargeSD,MAG
0003edd4,MAGCloakInSD,MAG
0003edd3,TRPBladeSwingWindupSD,TRP
0003edcd,TRPBladeSwingSwingSD,TRP
0003edc6,FXMeleeClawSmallVsFleshSD,FX
0003edc5,FXFireEmbers02LPSD,FX
0003edc3,FSTDirtScuffSD,FST
0003edc0,ITMPotionDownSD,ITM
0003edbd,ITMPotionUpSD,ITM
0003ed78,ITMKeyDownSD,ITM
0003ed75,ITMKeyUpSD,ITM
0003ed71,FXMeleeDraugrSD,FX
0003ec99,NPCDraugrAttackSD,NPC
0003ec96,NPCDragonFootWalkWingRSD,NPC
0003eb13,NPCDragonFootWalkWingLSD,NPC
0003eac6,MAGIcicleFire2DSD,MAG
0003ea7b,MAGIcicleFireSD,MAG
0003ea7a,OBJLeverNordic02ReturnSD,OBJ
0003ea1c,OBJLeverNordic02PullSD,OBJ
0003ea07,OBJLeverNordic01ReturnSD,OBJ
0003e9ff,OBJLeverNordic01PullSD,OBJ
0003e95a,TRPBatteringRamImpactSD,TRP
0003e959,TRPBatteringRamReleaseSD,TRP
0003e958,MAGRestorationConcentrationFireLPMSD,MAG
0003e957,MAGRestorationDrawSheatheLPMSD,MAG
0003e955,ITMGoldDownSD,ITM
0003e952,ITMGoldUpSD,ITM
0003e909,ITMClothingDownSD,ITM
0003e879,ITMClothingUpSD,ITM
0003e877,ITMArrowsDownSD,ITM
0003e7b7,ITMArrowsUpSD,ITM
0003e7b4,WPNBowNockSD,WPN
0003e7b3,DRSIronNordicPortcullisGateCloseSD,DRS
0003e7a2,DRSIronNordicPortcullisGateOpenSD,DRS
0003e764,FXFireBodyLPSD,FX
0003e73f,FSTStoneStairsArmorLightRSD,FST
0003e73b,FSTStoneStairsArmorLightLSD,FST
0003e738,FSTStoneStairsArmorHeavyRSD,FST
0003e735,FSTStoneStairsArmorHeavyLSD,FST
0003e732,FSTWoodStairsArmorLightRSD,FST
0003e72f,FSTWoodStairsArmorLightLSD,FST
0003e72c,FSTWoodStairsArmorHeavyRSD,FST
0003e729,FSTWoodStairsArmorHeavyLSD,FST
0003e70e,FSTWoodStairsRSD,FST
0003e703,FSTWoodStairsLSD,FST
0003e6a4,FSTStoneStairsRSD,FST
0003e68a,FSTStoneStairsLSD,FST
0003e633,ITMGenericClothingUpSD,ITM
0003e62c,ITMGenericClothingDownSD,ITM
0003e60b,ITMGenericArmorDownSD,ITM
0003e609,ITMGenericArmorUpSD,ITM
0003e608,DRSIronDoubleNordicLarge01OpenSD,DRS
0003e607,DRSIronDoubleNordicLarge01CloseSD,DRS
0003e606,AMBrWindMountainHeavyLPSD,AM
0003e602,AMBrWindMountainGustA,AM
0003e600,NPCGiantFootWalkRSD,NPC
0003e5fe,NPCGiantFootWalkLSD,NPC
0003e5fb,DRScDrawerEndTableCloseSD,DR
0003e5f8,DRScDrawerEndTableOpenSD,DR
0003e5f6,DRScWardrobeCloseSD,DR
0003e5f3,DRScWardrobeOpenSD,DR
0003e5f0,DRScDrawerDresserCloseSD,DR
0003e5ed,DRScDrawerDresserOpenSD,DR
0003e5eb,NPCDragonLandSD,NPC
0003e5ea,XXXPlaceholderBeepSD,XXX
0003e5e9,XXXPlaceholderSilenceSD,XXX
0003e5e5,MAGFlamesImpactSD,MAG
0003e5e4,MAGFlamesFireLPMSD,MAG
0003e5e3,MAGFrostbiteDrawSheatheLPMSD,MAG
0003e5e2,DRSTrapShaftNordicCloseSD,DRS
0003e5e1,DRSTrapShaftNordicOpenSD,DRS
0003e5dd,AMBCobwebSD,AMB
0003e5d8,NPCDragonTakeoffFXSD,NPC
0003e5d6,AMBBatsSD,AMB
0003e5d4,AMBDustDropImpactSD,AMB
0003e5d0,AMBDustDropDebrisSD,AMB
0003e5cc,MAGFrostBiteImpactSD,MAG
0003e5cb,MAGFrostBiteFireLPMSD,MAG
0003e5c8,NPCHumanCombatShieldBashPowerSD,NPC
0003e5c2,FSTPlayerWoodBarefootWalkRSD,FST
0003e5bd,FSTPlayerWoodBarefootWalkLSD,FST
0003e5ba,FSTStoneBarefootWalkRSD,FST
0003e5b7,FSTStoneBarefootWalkLSD,FST
0003e5a3,AMBWaterfallSplatterMediumSD,AMB
0003e4b2,NPCDraugrAwareSD,NPC
0003e491,NPCDragonFlybySD,NPC
0003e490,AMBWaterDripsSplashLPSD,AMB
0003e48d,AMBWaterfallLargeDungeonLPSD,AMB
0003e48c,AMBWaterfallLargeDistant70002DLPSD,AMB
0003e489,AMBWaterfallSmallDungeonLPSD,AMB
0003e486,AMBWaterfallSplatterLargeSD,AMB
0003e482,FSTIceSprintRSD,FST
0003e47e,FSTPlayerIceSprintLSD,FST
0003e47a,FSTPlayerIceRunRSD,FST
0003e447,FSTPlayerIceRunLSD,FST
0003e3f7,FSTPlayerIceWalkRSD,FST
0003e3ed,FSTPlayerIceWalkLSD,FST
0003e3e9,FSTWoodWalkArmorHeavyRSD,FST
0003e3e1,FSTWoodWalkArmorHeavyLSD,FST
0003e3dd,FSTWoodSprintArmorHeavyRSD,FST
0003e3d9,FSTWoodSprintArmorHeavyLSD,FST
0003e3d5,FSTWoodRunArmorHeavyRSD,FST
0003e3d1,FSTWoodRunArmorHeavyLSD,FST
0003e3cd,FSTSnowWalkArmorHeavyRSD,FST
0003e3c8,FSTSnowWalkArmorHeavyLSD,FST
0003e3c4,FSTSnowSprintArmorHeavyRSD,FST
0003e3c0,FSTSnowSprintArmorHeavyLSD,FST
0003e3bc,FSTSnowRunArmorHeavyRSD,FST
0003e3b8,FSTSnowRunArmorHeavyLSD,FST
0003e3b4,FSTGravelWalkArmorHeavyRSD,FST
0003e3b0,FSTGravelWalkArmorHeavyLSD,FST
0003e3ac,FSTGravelSprintArmorHeavyRSD,FST
0003e3a8,FSTGravelSprintArmorHeavyLSD,FST
0003e2ca,FSTGravelRunArmorHeavyRSD,FST
0003e112,FSTGravelRunArmorHeavyLSD,FST
0003e0f4,FSTGrassWalkArmorHeavyRSD,FST
0003e0d6,FSTGrassWalkArmorHeavyLSD,FST
0003e08b,FSTGrassSprintArmorHeavyRSD,FST
0003dfd9,FSTGrassSprintArmorHeavyLSD,FST
0003dfce,FSTGrassRunArmorHeavyRSD,FST
0003df90,FSTGrassRunArmorHeavyLSD,FST
0003df10,FSTStoneWalkArmorHeavyRSD,FST
0003ded9,FSTStoneWalkArmorHeavyLSD,FST
0003ded5,FSTStoneSprintArmorHeavyRSD,FST
0003de4b,FSTStoneSprintArmorHeavyLSD,FST
0003de45,FSTStoneRunArmorHeavyRSD,FST
0003de3c,FSTStoneRunArmorHeavyLSD,FST
0003de39,DRScBodyNPCCloseSD,DR
0003de35,DRScBodyNPCOpenSD,DR
0003de31,UIMapRollover,UI
0003de2d,WPNStaffHandSheatheSD,WPN
0003de2c,WPNStaffHandDrawSD,WPN
0003de2b,WPNMace1HandSheatheSD,WPN
0003de2a,WPNMace1HandDrawSD,WPN
0003de25,NPCHumanCombatShieldRelease,NPC
0003de22,NPCHumanCombatShieldBlockSD,NPC
0003de1f,AMBWaterfallMediumDungeonLPSD,AMB
0003ddfc,AMBWaterfallLargeDistant2DLPSD,AMB
0003ddd2,AMBWaterfallMediumLPSD,AMB
0003ddc5,AMBrDungeonCatacombsShakingSD,AM
0003ddc0,AMBrDungeonIceCrumbleLargeSD,AM
0003ddbc,AMBrDungeonIceCrumbleSD,AM
0003ddb9,DRSWoodDoubleLight01Open,DRS
0003ddb8,WPNAxe1HandSheatheSD,WPN
0003ddb7,WPNAxe1HandDrawSD,WPN
0003dae8,WPNBowFireSD,WPN
0003d9af,WPNBowPullLPMSD,WPN
0003d882,WPNBowSheatheSD,WPN
0003d78c,WPNBowDrawSD,WPN
0003d6c9,QSTHagsEndHarpLPSD,QST
0003d6c5,AMBWaterStreamFallsLPSD,AMB
0003d6bc,TRPMaceReleaseSD,TRP
0003d6b8,FSTWoodWalkArmorLightRSD,FST
0003d689,FSTWoodWalkArmorLightLSD,FST
0003d672,FSTWoodSprintArmorLightRSD,FST
0003d63e,FSTWoodSprintArmorLightLSD,FST
0003d5bc,FSTWoodRunArmorLightRSD,FST
0003d5b8,FSTWoodRunArmorLightLSD,FST
0003d5b4,FSTStoneWalkArmorLightRSD,FST
0003d5b0,FSTStoneWalkArmorLightLSD,FST
0003d4aa,FSTStoneSprintArmorLightRSD,FST
0003d4a6,FSTStoneSprintArmorLightLSD,FST
0003d48f,FSTStoneRunArmorLightRSD,FST
0003d48b,FSTStoneRunArmorLightLSD,FST
0003d487,FSTSnowWalkArmorLightRSD,FST
0003d482,FSTSnowWalkArmorLightLSD,FST
0003d47e,FSTSnowSprintArmorLightRSD,FST
0003d475,FSTSnowSprintArmorLightLSD,FST
0003d444,FSTSnowRunArmorLightRSD,FST
0003d42d,FSTSnowRunArmorLightLSD,FST
0003d417,FSTGravelWalkArmorLightRSD,FST
0003d411,FSTGravelWalkArmorLightLSD,FST
0003d40d,FSTGravelSprintArmorLightRSD,FST
0003d3e8,FSTGravelSprintArmorLightLSD,FST
0003d2a0,FSTGravelRunArmorLightRSD,FST
0003d23e,FSTGravelRunArmorLightLSD,FST
0003d1f5,FSTGrassWalkArmorLightRSD,FST
0003d152,FSTGrassWalkArmorLightLSD,FST
0003d13d,FSTGrassSprintArmorLightRSD,FST
0003d139,FSTGrassSprintArmorLightLSD,FST
0003d135,FSTGrassRunArmorLightRSD,FST
0003d131,FSTGrassRunArmorLightLSD,FST
0003d130,VOCShoutDragonTestFireBreath03LPMSD,VOC
0003d12f,VOCShoutDragonTestFireBreath02SD,VOC
0003d12e,VOCShoutDragonTestFireBreath01bSD,VOC
0003d12d,VOCShoutDragonTestFireBreath01aSD,VOC
0003d128,PHYChainSD,PHY
0003d127,UIQuestComplete,UI
0003d122,NPCDragonWingFlapTakeoffSD,NPC
0003d121,DRSIronDoubleNordicMedium01CloseSD,DRS
0003d120,DRSIronDoubleNordicMedium01OpenSD,DRS
0003d11c,FXFireSconceMediumLPSD,FX
0003d11b,MAGWardTestDeflectSD,MAG
0003d11a,MAGWardTestBreakSD,MAG
0003d119,MAGWardTestAbsorbSD,MAG
0003d118,MAGWardTestCastSD,MAG
0003d117,MAGWardTestCastLPSD,MAG
0003d116,MAGWardTestDrawSheatheLPMSD,MAG
0003d111,FSTDirtSprintArmorHeavyRSD,FST
0003d10d,FSTDirtSprintArmorHeavyLSD,FST
0003d108,FSTDirtSprintArmorLightRSD,FST
0003d104,FSTDirtSprintArmorLightLSD,FST
0003d0f8,FSTWoodSprintRSD,FST
0003d0f4,FSTWoodSprintLSD,FST
0003d0f0,FSTStoneSprintRSD,FST
0003d0ec,FSTStoneSprintLSD,FST
0003d0e8,FSTSnowSprintRSD,FST
0003d0e4,FSTSnowSprintLSD,FST
0003d0e0,FSTGravelSprintRSD,FST
0003d0dc,FSTGravelSprintLSD,FST
0003d0d8,FSTGrassSprintRSD,FST
0003d0d4,FSTGrassSprintLSD,FST
0003d0d3,MAGFailSD,MAG
0003d0d1,AMBWindloopMountainsALPSD,AMB
0003d0cc,AMBrDungeonCatacombsCrackingSD,AM
0003d0c7,FSTDirtWalkArmorLightRSD,FST
0003d0c3,FSTDirtWalkArmorLightLSD,FST
0003d0be,FSTDirtWalkArmorHeavyRSD,FST
0003d0ba,FSTDirtWalkArmorHeavyLSD,FST
0003d0b5,FSTDirtRunArmorHeavyRSD,FST
0003d0b1,FSTDirtRunArmorHeavyLSD,FST
0003d0ac,FSTDirtRunArmorLightRSD,FST
0003d0a8,FSTDirtRunArmorLightLSD,FST
0003d0a7,AMBWaterStream01LPSD,AMB
0003d0a4,NPCSabreCatDeathSD,NPC
0003d0a0,NPCSabreCatInjuredSD,NPC
0003d09f,AMBWeatherRainLightLPSD,AMB
0003d09e,AMBWeatherRainMediumLPSD,AMB
0003d09d,AMBWeatherRainHeavyLPSD,AMB
0003d09a,FXMeleeClawMediumVsFleshSD,FX
0003d097,NPCSkeeverDeathSD,NPC
0003d093,NPCSkeeverInjuredSD,NPC
0003d08f,NPCSkeeverAttackSD,NPC
0003cede,NPCSabreCatAttackSD,NPC
0003cedb,WPNBlade1HandSmallSheatheSD,WPN
0003ced9,WPNBlade1HandSmallDrawSD,WPN
0003cec2,PHYGenericMetalLightLSD,PHY
0003ce5a,PHYGenericMetalLightHSD,PHY
0003ce38,PHYDishWoodLSD,PHY
0003ce00,NPCDragonWingFlapSD,NPC
0003cdff,NPCDragonBreatheLPSD,NPC
0003cdf1,NPCDragonFootWalkRSD,NPC
0003cdeb,NPCDragonFootWalkLSD,NPC
0003cdea,OBJTorchBurnLPSD,OBJ
0003cde7,AMBDungeonWindDoorLPSD,AMB
0003cde4,AMBtDungeonCatacombsSemiExterior2DLPSD,AM
0003cde0,DRScUrnLargeOpenSD,DR
0003cd15,DRScUrnLargeCloseSD,DR
0003cd0d,DRScCanopicJarCloseSD,DR
0003ccf7,DRScCanopicJarOpenSD,DR
0003ccf4,NPCSkeeverFootWalkBackSD,NPC
0003ccee,NPCSkeeverFootWalkFrontSD,NPC
0003ccea,AMBWaterwheelLPSD,AMB
0003cc33,TRPTripwireSD,TRP
0003cbce,FSTWoodWalkRSD,FST
0003caad,FSTWoodWalkLSD,FST
0003c97f,FSTWoodSneakRSD,FST
0003c92b,FSTWoodSneakLSD,FST
0003c927,FSTWoodRunRSD,FST
0003c923,FSTWoodRunLSD,FST
0003c91d,FSTStoneSneakRSD,FST
0003c91a,FSTStoneSneakLSD,FST
0003c916,FSTStoneWalkRSD,FST
0003c912,FSTStoneWalkLSD,FST
0003c90e,FSTStoneRunRSD,FST
0003c90a,FSTStoneRunLSD,FST
0003c907,FSTStoneJumpDownSD,FST
0003c904,NPCDraugrFootWalkRSD,NPC
0003c901,NPCDraugrFootWalkLSD,NPC
0003c8fe,MAGFireboltProjectileSD,MAG
0003c8fc,MAGFireboltImpactSD,MAG
0003c8fb,MAGFirebolt03FireSD,MAG
0003c8fa,MAGFirebolt02ReadyLPSD,MAG
0003c8f9,MAGFirebolt01ChargeSD,MAG
0003c8f8,MAGFireboltDrawSheatheLPMSD,MAG
0003c8f7,AMBRumbleCLPSD,AMB
0003c8f6,AMBRumbleBLPSD,AMB
0003c8f5,AMBRumbleALPSD,AMB
0003c8f2,AMBWaterfallSmallLPSD,AMB
0003c8ef,AMBWaterfallLargeLPSD,AMB
0003c8ee,AMBWaterfallLargeDistantLPSD,AMB
0003c8ed,AMBtDungeonCatacombsGeneric2DLPSD,AM
0003c8ea,DRScTreasureCloseSD,DR
0003c8e7,DRScTreasureOpenSD,DR
0003c8e3,FSTSnowSneakRSD,FST
0003c8df,FSTSnowSneakLSD,FST
0003c8da,FSTSnowWalkRSD,FST
0003c8d5,FSTSnowWalkLSD,FST
0003c8d1,FSTSnowRunRSD,FST
0003c8cd,FSTSnowRunLSD,FST
0003c8ca,FSTSnowJumpDownSD,FST
0003c8c6,FSTGravelSneakLSD,FST
0003c8c2,FSTGravelSneakRSD,FST
0003c8be,FSTGravelWalkRSD,FST
0003c8ba,FSTGravelWalkLSD,FST
0003c8b6,FSTGravelRunRSD,FST
0003c8b2,FSTGravelRunLSD,FST
0003c8af,FSTGravelJumpDownSD,FST
0003c8ae,tstLoopStereoLPMSD,ERROR
0003c8ad,tstLoopStereoLPSD,ERROR
0003c8ac,tstLoopMonoLPMSD,ERROR
0003c8ab,tstLoopMonoLPSD,ERROR
0003c8aa,WPNBlade2HandSheatheSD,WPN
0003c8a9,WPNBlade2HandDrawSD,WPN
0003c8a6,NPCHumanCombatShieldBashSD,NPC
0003c8a2,AMBrDungeonCaveCrumbleSD,AM
0003c89f,AMBrDungeonCaveWindGustSD,AM
0003c89e,AMBDungeonCaveWindRadius2DLPSD,AMB
0003c89d,AMBDungeonCaveDripsC2DLPSD,AMB
0003c89c,AMBDungeonCaveDripsB2DLPSD,AMB
0003c89b,AMBDungeonCaveDripsA2DLPSD,AMB
0003c898,AMBDungeonCaveDripBLPSD,AMB
0003c895,AMBDungeonCaveDripALPSD,AMB
0003c894,AMBtDungeonCaveGeneric2DLPSD,AM
0003c891,AMBrWindGenericBSD,AM
0003c88e,AMBrWindGenericASD,AM
0003c88d,NPCSabreCatBreatheLPSD,NPC
0003c884,NPCSabreCatFootWalkBackSD,NPC
0003c879,NPCSabreCatFootWalkFrontSD,NPC
0003c876,DRScCrateCloseSD,DR
0003c873,DRScCrateOpenSD,DR
0003c870,DRScBarrelCloseSD,DR
0003c86d,DRScBarrelOpenSD,DR
0003c86c,VOCShoutProjectilePush03SD,VOC
0003c86b,VOCShoutProjectilePush02SD,VOC
0003c867,WPNBlockBowVsOtherSD,WPN
0003c864,WPNBashBowSD,WPN
0003c861,WPNBashAxeSD,WPN
0003c85e,WPNBashBluntSD,WPN
0003c85a,WPNBlockBlunt1HandVsOtherSD,WPN
0003c856,WPNBlockAxeVsOtherSD,WPN
0003c852,WPNImpactArrowVsWoodSD,WPN
0003c84e,WPNImpactArrowBounceSD,WPN
0003c849,WPNImpactArrowVsFleshSD,WPN
0003c845,WPNImpactArrowStickSD,WPN
0003c840,WPNImpactArrowVsArmorSD,WPN
0003c83d,WPNImpactAxeVsWoodSD,WPN
0003c839,WPNImpactAxeVsOtherSD,WPN
0003c835,WPNImpactAxeVsFleshSD,WPN
0003c832,WPNImpactAxeVsDirtSD,WPN
0003c82d,WPNImpactAxeVsArmorSD,WPN
0003c82a,WPNImpactBluntVsWoodSD,WPN
0003c826,WPNImpactBluntVsOtherSD,WPN
0003c824,WPNImpactBluntVsFleshSD,WPN
0003c821,WPNImpactBluntVsDirtSD,WPN
0003c81c,WPNImpactBluntVsArmorSD,WPN
0003c819,DRSWoodSingleLight02Close,DRS
0003c816,DRSWoodSingleLight02Open,DRS
0003c813,DRSWoodSingleLight01Open,DRS
0003c810,DRSWoodSingleLight01Close,DRS
0003c80f,VOCShoutProjectilePush01SD,VOC
0003c80c,FSTDirtJumpDownSD,FST
0003c808,FSTDirtWalkRSD,FST
0003c804,FSTDirtWalkLSD,FST
0003c800,FSTDirtRunRSD,FST
0003c7fc,FSTDirtRunLSD,FST
0003c7f8,PHYMaterialShieldHeavyLSD,PHY
0003c7f4,PHYMaterialShieldHeavyHSD,PHY
0003c7f0,PHYMaterialShieldLightLSD,PHY
0003c7ec,PHYMaterialShieldLightHSD,PHY
0003c7e8,PHYMaterialBlade1HandHSD,PHY
0003c7e4,PHYMaterialBlade1HandLSD,PHY
0003c7e3,AMBrWaterRiverValleyDistant02LPSD,AM
0003c7e2,AMBrWaterRiverValleyDistant01LPSD,AM
0003c7e1,TRPDartWindupSD,TRP
0003c7de,TRPDartProjectileSD,TRP
0003c7da,WPNImpactTrapDartVsOtherSD,WPN
0003c7d6,WPNImpactTrapDartVsFleshSD,WPN
0003c7d2,TRPDartFireSD,TRP
0003c7d1,UIQuestUpdate,UI
0003c7d0,UIQuestNew,UI
0003c7cf,UISkillIncreaseSD,UI
0003c7cc,TRPPressurePlateMetalSD,TRP
0003c7ca,WPNBashShieldHSD,WPN
0003c7c8,WPNBashShieldLSD,WPN
0003c7c5,WPNBashBladeSD,WPN
0003c7c4,ITMGenericIngredientUpFailSD,ITM
0003c7c3,ITMGenericIngredientDownSD,ITM
0003c7c2,ITMGenericIngredientUpSD,ITM
0003c7c0,ITMGenericWeaponDownSD,ITM
0003c7be,ITMGenericWeaponUpSD,ITM
0003c7ba,ITMGenericUpSD,ITM
0003c7b9,ITMGenericDownSD,ITM
0003c7b7,UIItemMeleeUpSD,UI
0003c7b5,UIItemMeleeDownSD,UI
0003c7b4,UIItemGenericDownSD,UI
0003c7b0,UIItemGenericUpSD,UI
0003c7af,VOCShoutTestPush03SD,VOC
0003c7ae,VOCShoutTestPush02SD,VOC
0003c7ad,VOCShoutTestPush01bSD,VOC
0003c7ac,VOCShoutTestPush01aSD,VOC
0003c7a9,FSTWaterJumpDownSD,FST
0003c7a5,WPNImpactBladeVsOtherSD,WPN
0003c7a2,WPNImpactBladeVsWoodSD,WPN
0003c79e,FSTWaterWalkRSD,FST
0003c79a,FSTWaterWalkLSD,FST
0003c796,FSTWaterSneakRSD,FST
0003c792,FSTWaterSneakLSD,FST
0003c78f,FSTWaterRunRSD,FST
0003c78c,FSTWaterRunLSD,FST
0003c789,WPNImpactBladeVsDirtSD,WPN
0003c788,DRSRiverwoodPortStoneCloseSD,DRS
0003c787,DRSRiverwoodPortStoneOpenSD,DRS
0003c786,DRSRiverwoodCloseSD,DRS
0003c785,DRSRiverwoodOpenSD,DRS
0003c781,AMBRCricketsRiverwoodNightLPSD,AMB
0003c777,AMBRCricketsRiverwoodNightIndividual01SD,AMB
0003c774,AMBRBugsRiverwoodCicada01SD,AMB
0003c76e,AMBRBirdRiverwoodNight01SD,AMB
0003c75a,AMBRBirdRiverwoodDay01SD,AMB
0003c759,UIMenuFocus,UI
0003c753,UIMenuPrevNextSD,UI
0003c752,UIMenuCancelSD,UI
0003c751,UIMenuOKSD,UI
0003c74d,WPNImpactBladeVsFleshSD,WPN
0003c748,WPNImpactBladeVsArmorSD,WPN
0003c744,WPNBlockShieldHSD,WPN
0003c740,WPNBlockShieldLSD,WPN
0003c73c,WPNBlockBlade1HandVsOtherSD,WPN
0003c73b,AMBWaterRiverLPSD,AMB
0003c738,FSTGrassScuffRSD,FST
0003c735,FSTGrassScuffLSD,FST
0003c730,WPNSwingBladeMediumSD,WPN
0003c72f,WPNBlade1HandSheatheSD,WPN
0003c72e,WPNBlade1HandDrawSD,WPN
0003c72a,FSTGrassJumpDownSD,FST
0003c726,FSTGrassSneakRSD,FST
0003c722,FSTGrassSneakLSD,FST
0003c71e,FSTGrassRunLSD,FST
0003c71a,FSTGrassRunRSD,FST
0003c716,FSTGrassWalkLSD,FST
0003c712,FSTGrassWalkRSD,FST
0003c709,AMBrWindBedForestPineLPSD,AM
000339c7,XXXPlaceHolderSilenceDesc,XXX
00046e20,XXXTest01,XXX
