id,name
00000f8b,VOCShoutFXThrowVoice
00000f8a,VOCShoutFXDismayC
00000f89,VOCShoutFXDismayB
00000f88,VOCShoutFXDismayA
00000f87,VOCShoutFXAuraWhisperA
00000f82,AMBWindSnowBlowingDLPSD
00000f81,AMBWindSnowBlowingCLPSD
00000f80,AMBWindSnowBlowingBLPSD
00000f7f,AMBWindSnowBlowingALPSD
00000f73,ITMGenericIngredientUpLoFi
00000f58,OBJWindmillSolitudeLPSD
00000ee5,UIEnchantRecharge
00000e5e,TRPImpactImpale
00000e5d,MAGNightingaleSubterfugeFire2D
00000e5b,MAGNightingaleStrifeFire2D
00000e48,NPCWerewolfInjured
00000e47,NPCWerewolfDeath
00000e37,MAGMysticismSoulTrapCaptureShader
00000e0d,NPCHorseFootWalkFrontLOFISD
00000e0c,NPCHorseFootWalkBackLOFISD
00000e05,AMBRumbleShakeGreybeardsSD
00000e00,MAGPowerSerpentStoneExplosion
00000dff,MAGPowerSerpentStoneImpact
00000dfe,MAGPowerSerpentStoneProjectileLP
00000ded,QSTWolfChestxSD
00000dd0,ITMGenericUpLoFi
000172a4,NPCDragonFlightRoarPaarthurnax
000172a2,NPCDragonFlightRoarDistantBSD
000170cf,OBJSovngardeSpitChain02LPSD
000170ce,OBJSovngardeSpitChain01LPSD
0001706f,NPCWerewolfGrowlSD
0001702e,MAGAltarsBlessingFireC2D
0001702d,MAGAltarsBlessingFireB2D
0001702c,MAGAltarsBlessingFireA2D
00016ed0,VOCShoutDragon05BTorShul
00016e91,VOCShoutDragon05AYol
00016e7a,VOCShoutDragon04BHaalViik
00016e79,VOCShoutDragon04AZun
00016e6f,VOCShoutDragon03BSlenNus
00016e6b,VOCShoutDragon03AIiz
00016e69,VOCShoutDragon02BRuMaar
00016e59,VOCShoutDragon02AFaas
00016e53,VOCShoutDragon01BRoDah
00016e50,VOCShoutDragon01AFus
00016e4e,VOCShoutDragonPaarthurnax05BTorShul
00016e46,VOCShoutDragonPaarthurnax05AYol
00016e44,VOCShoutDragonPaarthurnax04BHaalViik
00016e3d,VOCShoutDragonPaarthurnax04AZun
00016e3c,VOCShoutDragonPaarthurnax03BSlenNus
00016e2a,VOCShoutDragonPaarthurnax03AIiz
00016e29,VOCShoutDragonPaarthurnax02BRuMaar
00016e28,VOCShoutDragonPaarthurnax02AFaas
00016e27,VOCShoutDragonPaarthurnax01BRoDah
00016e26,VOCShoutDragonPaarthurnax01AFus
00016e13,FSTCreatureWaterWalkR
00016e12,FSTCreatureWaterWalkL
00016e11,FSTCreatureWaterSprintR
00016e10,FSTCreatureWaterSprintL
00016e0f,FSTCreatureWaterRunR
00016e0e,FSTCreatureWaterRunL
00016db3,DRSWoodSingleHeavyEsbernClose
00016db2,DRSWoodSingleHeavyEsbernOpen
0010ff7c,NPCDragonAlduinPortalDeath
0010ff67,QSTMG07MagnusStormSaarthalMediumReleaseSD
0010ff66,QSTMG07MagnusStormCollegeBigReleaseSD
0010ff65,QSTMG07MagnusStormCollegeMediumReleaseSD
0010ff5a,QSTMG07MagnusStormSaarthalMediumLPMSD
0010ff53,QSTMG07MagnusStormCollegeMediumLPMSD
0010ff52,QSTMG07MagnusStormCollegeSmallLPMSD
0010ff51,QSTMG07MagnusStormCollegeSmallReleaseSD
0010ff50,QSTMG07MagnusStormCollegeBigLPMSD
0010ff4f,DRScDwarvenDresserClose
0010ff4e,DRScDwarvenDresserOpen
0010ff06,VOCShoutDragonAlduin01BRoDah
0010ff05,VOCShoutDragonAlduin01AFus
0010ff04,VOCShoutDragonAlduin02BRuMaar
0010ff03,VOCShoutDragonAlduin02AFaas
0010ff02,VOCShoutDragonAlduin03BSlenNus
0010ff01,VOCShoutDragonAlduin03AIiz
0010ff00,VOCShoutDragonAlduin04BHaalViik
0010feff,VOCShoutDragonAlduin04AZun
0010fefb,AMBWindloopMountainsHillsSolitudeLighthouse01LPSD
0010fef9,OBJPipeValveWheelRotate
0010fe9a,QSTTG01UrnSmashSD
0010fe96,DRSTG08AStoneSecretDoorOpen
0010fe95,DRScDrawerEndTableOpenBSD
0010fe94,DRScDrawerEndTableCloseBSD
0010fe6c,NPCDragonSkeletalResurrectionRumbleSD
0010fe6b,NPCDragonSkeletalResurrectionRoarB
0010fe6a,NPCDragonSkeletalResurrectionRoarA
0010fdca,QSTTG05UnconsciousLPSD
0010fd98,DRSWoodImperialStableDoorOpen
0010fd97,DRSWoodImperialStableDoorClose
0010fd65,WPNImpactGenericLoFi
0010fd63,NPCDragonBreatheQuietLPSD
0010fd51,ITMIngredientBeehiveHuskUp
0010fd50,ITMIngredientMammothCheeseUp
0010fd4c,AMBrCricketsForestFallNight06LP
0010fd4b,AMBrCricketsForestFallNight05LP
0010fd4a,AMBrCricketsForestFallNight04LP
0010fd49,AMBrCricketsForestFallNight03LP
0010fd48,AMBrCricketsForestFallNight02LP
0010fd47,AMBrCricketsForestFallNight01LP
0010fd46,AMBrCricketsForestPineNight06LP
0010fd45,AMBrCricketsForestPineNight05LP
0010fd44,AMBrCricketsForestPineNight04LP
0010fd43,AMBrCricketsForestPineNight03LP
0010fd42,AMBrCricketsForestPineNight02LP
0010fd41,AMBrCricketsForestPineNight01LP
0010fd2b,AMBrFrogsForestfallNightLPSD
0010fd15,AMBrKatydidsForestPineNight06LP
0010fd14,AMBrKatydidsForestPineNight05LP
0010fd13,AMBrKatydidsForestPineNight04LP
0010fd12,AMBrKatydidsForestPineNight03LP
0010fd11,AMBrKatydidsForestPineNight02LP
0010fd01,AMBWaterDripsRadiusMarker2DLPSD
0010fcda,DRSTG09MagicPortal
0010fb2f,DRSWoodTGSecretOpen
0010fb28,DRSWoodTGSecretClose
0010fbd0,DRSBookshelfSecretDoorOpen
0010fbcf,DRSBookshelfSecretDoorClose
0010fbce,FXDragonMoundLPM
0010fbbe,AMBWaterfallLargeMarkarthLPSD
0010fba6,AMBWaterStreamFallsMarkarthLPSD
0010fba5,AMBWaterfallSplatterLargeMarkarthLPSD
0010fba4,AMBWaterfallSplatterMediumMarkarthLPSD
0010fba3,AMBWaterRapidsSmallMarkarthLPSD
0010fba2,AMBWaterRapidsMediumMarkarthLPSD
0010fba1,AMBWaterRapidsMediumMarkarth2DLPSD
0010fba0,AMBWaterfallMediumMarkarthLPSD
0010fb9f,AMBWaterfallMedium2DMarkarthLPSD
0010fb9e,AMBWaterfallLarge2DMarkarthLPSD
0010fae5,MAGFailShoutSD
0010f9ae,OBJStoneGenericSwitchEnter
0010f9ad,OBJDwarvenMechanismStairsFall
0010f9ac,OBJDwarvenMechanismRotate
0010f9a5,MAGCloakShockPlayerLPSD
0010f988,QSTDB05GargoyleFall
0010e2a8,QSTTG08BBalconyCollapse
0010e0d7,QSTAlduinDeathSoulsBSD
0010e0d6,QSTAlduinDeathSoulsASD
0010e0d5,QSTAlduinDeathExplosionCSD
0010e0d4,QSTAlduinDeathExplosionBSD
0010e0d3,QSTAlduinDeathExplosionASD
0010e0d2,NPCDragonAlduinDeathE
0010e0d1,NPCDragonAlduinDeathD
0010e0d0,NPCDragonAlduinDeathC
0010e0cf,NPCDragonAlduinDeathB
0010e0ce,NPCDragonAlduinDeathA
0010fa76,NPCHumanChildSitChairDownLR
0010fa75,NPCHumanChildSitChairUpLR
0010fa74,NPCHumanChildSitChairUp
0010fa73,NPCHumanChildSitChairDown
0010fa72,NPCHumanSitChairDownLR
0010fa71,NPCHumanSitChairUpLR
0010fa70,TRPFlamesFireLPMSD
0010f99a,NPCWispAmbush2D
0010f999,NPCWispAmbush
0010f948,FSTPlayerStoneStairsRSD
0010f947,FSTPlayerStoneStairsLSD
0010f946,FSTPlayerWoodStairsLSD
0010f945,FSTPlayerWoodStairsRSD
0010f926,MAGPowerRacialWoodElfCommandAnimalFire2D
0010f918,DRSWoodHallofValorShortClose
0010f917,DRSWoodHallofValorShortOpen
0010f916,DRSWoodHallofValorClose
0010f915,DRSWoodHallofValorOpen
0010f90c,AMBrInteriorTempleOfKynarethChimes
0010f85e,QSTGreybeardRumbleSD
0010f852,OBJEyeofMagnusVanish
0010f807,NPCElkAttack02
0010f806,NPCElkAttack01
0010f804,MAGPerkShieldChargeImpact
0010f7eb,QSTSovengardePortalCloseSD
0010f78c,QSTC03WereWolfBloodGush
0010f78b,QSTC03WereWolfCut
0010f721,QSTMQ206AlduinTimeTravel2DSD
0010f720,MAGPerkShadowWarriorFire2D
0010f685,NPCWolfBark
0010f67a,OBJDwemerRepositorySlide
0010f679,OBJDwemerRepositoryDoor
0010f678,OBJDwemerRepositoryRotate
0010f675,NPCFoxBreathe
0010f674,NPCFoxBreatheRun
0010f672,NPCFoxInjured
0010f671,NPCFoxDeath
0010f614,NPCDwarvenSpiderPortExitHorizontal
0010f613,NPCDwarvenSpiderPortExitVertical
0010f5eb,QSTSovengardePortalFarLPMSD
0010f5ea,QSTSovengardePortalOnMonoLPMSD
0010f5e9,QSTSovengardePortalOn2DLPMSD
0010f5e8,QSTSovengardePortalOpenSD
0010f56a,MAGPowerRacialDarkElfAncestorsWrathFire2D
0010f564,MAGPowerRacialRedguardAdrenalineRushFire2DSD
0010f563,VOCShoutDragonAlduin05BTorShul
0010f562,VOCShoutDragonAlduin05AYol
0010f50a,QSTMQ206ElderScrollRead2D
0010f21c,ITMFishUp
0010f21b,QSTMQ105DragonSwitchOn
0010f219,NPCHumanAventusStabSoft
0010f218,NPCHumanAventusStabHard
0010f217,MAGPowerRacialHistskin2D
0010f20b,TRPSpearOutSD
0010f20a,TRPSpearInSD
0010f1f3,AMBrChargenRumbleTundraVolcanicSovngarde
0010f1f1,AMBWeatherThunderExtra
0010eea0,AMBDungeonDwemerFlameLPSD
0010ee73,AMBrDungeonBlackreachWindGustSD
0010ee72,AMBWaterDungeonBlackreach2DLPSD
0010ee71,FXExplosionFirestormNear
0010ee5b,NPCDragonKillRoarC
0010ee5a,NPCDragonKillRoarB
0010ee59,NPCDragonKillRoarA
0010ec65,NPCDraugrVoiceTaunt
0010ec60,DRScTreasureBossDwarvenOpen
0010ec5f,DRScTreasureBossDwarvenClose
0010eb7b,QSTTG06CharcoalRubSD
0010eb7a,WPNTG06ControlStaffShootFail
0010eb79,WPNTG06ControlStaffShoot
0010eb78,WPNTG06ControlStaffGlyphLPM
0010eb77,WPNTG06ControlStaffDrawSheatheLPM
0010eb76,WPNTG06ControlStaffCharge
0010e94a,QSTTG07VaultLockExitSD
0010e7f2,QSTTG05KillStabOutSD
0010e7f1,QSTTG05KillStabInSD
0010e7e9,QSTTG05KarliahVanishSD
0010e7e8,QSTTG05Transition2DSD
0010e7e7,QSTTG05ArrowKnockOut2DSD
0010e49c,NPCHumanExecutionerPushPlayer
0010e443,MUSBardLute04SD
0010e442,MUSBardLute03SD
0010e441,MUSBardLute02SD
0010e440,MUSBardLute01SD
0010e428,AMBChargenExecutionWallaReact2DSD
0010e426,AMBChargenExecutionWalla2DLPSD
0010e2ea,NPCHumanEatSoup
0010e2e5,QSTE3TowerHoleMonoCACHESD
0010e2e4,QSTE3TowerHoleStereoCACHESD
0010e053,FXExplosionCatapult2DQuiet
0010e052,MAGDestructionFireballExplosionQuiet
0010deb2,OBJSarcophagusUnlockC
0010deb1,OBJSarcophagusUnlockB
0010deb0,OBJSarcophagusUnlockA
0010deaf,OBJSarcophagusSkullRelease
0010deae,OBJSarcophagusSkullUnlockB
0010dead,OBJSarcophagusSkullUnlockA
0010deac,OBJSarcophagusSkullInsert
0010da08,FSTPlayerSnowJumpDownSD
0010da07,FSTPlayerGrassJumpDownSD
0010da06,FSTPlayerGravelJumpDownSD
0010da05,FSTPlayerStoneSolidJumpDownSD
0010da04,FSTPlayerWoodJumpDownSD
0010da03,FSTPlayerDirtJumpDownSD
0010da02,AMBrChargenRumbleTundraVolcanicRocks
0010da01,AMBrChargenRumbleTundraVolcanic
0010d9fc,NPCDwarvenSphereAttackBowRelease
0010d9fb,NPCDwarvenSphereAttackBowDraw
0010d9fa,NPCDwarvenSphereAttackPower
0010d9f9,NPCDwarvenSphereAttackB
0010d9f8,NPCDwarvenSphereAttackA
0010d9b6,AMBrChargenStuff2D
0010d9b5,AMBrChargenScreams
0010d860,AMBWeatherHelgenAttack2DLP
0010d65a,NPCHumanBookPageTurn
0010d659,NPCHumanBartenderWipe
0010d5d0,QSTDBCoffinSplashSD
0010d261,OBJMagicFirePillarPoolLPMSD
0010d260,OBJMagicFirePillarCloseLPMSD
0010d25f,OBJMagicFirePillarFarLPMSD
0010cc8d,OBJCatapultProjectileLP
0010cc8c,OBJCatapultProjectileFire
0010cc89,NPCTorchbugBuzzLP
0010cbd6,NPCHumanWritingTGSD
0010cbca,AMBrWindBedReachRadius2DLPSD
0010cb6a,OBJSawMillLogSplit
0010c646,UISmithingCreateGeneric
0010c637,AMBCivilWarBattleDistantLPSD
0010c442,AMBrCivilWarCatapultsDistant
0010c441,AMBCivilWarBattleExteriorLPSD
0010c43e,AMBCivilWarBattleStartDistantSD
0010c307,AMBShipCreakBellsDistantEastEmpireLPSD
0010c302,AMBShipCreakBellsLPSD
0010c2e6,AMBShipCreakBellsDistantLPSD
0010c2e5,AMBShipCreakDeck2DLPSD
0010c2e4,AMBShipCreakBaseLPSD
0010c2e3,ITMNotePageTurn
0010bfb4,AMBWeatherSnowLight2DLP
0010bfb3,AMBWeatherSnowHeavy2DLP
0010bf77,QSTDA02BubbleActivate
0010bf76,QSTDA02ShrineSurgeLPM
0010bf75,QSTDA02ShrineActivateLPM
0010b2e1,DRSDwemerLiftOpen
0010b2e0,DRSAutoLoadCaveOpen
0010b11a,AMBrGlacierC
0010b119,AMBrGlacierB
0010b118,AMBrGlacierA
0010b03c,QSTTG09PresentKey
0010ab4f,AMBWaterfallTallQuietLPSD
0010aa12,MUSBardFlute06SD
0010aa11,MUSBardFlute05SD
0010aa10,MUSBardFlute04SD
0010aa0f,MUSBardFlute03SD
0010a048,DRSAutoLoadClose
0010a047,DRSAutoLoadOpen
0010a010,NPCChickenScratch
0010a00f,NPCChickenPeck
0010a00e,NPCChickenInjured
0010a00d,NPCChickenDeath
0010a00c,NPCChickenCluck
00109e6f,NPCHumanBlacksmithForgeTake
00109e6e,NPCHumanBlacksmithForgeQuenchDrop
00109e6d,NPCHumanBlacksmithForgeQuench
00109ae5,NPCSpiderFrostbiteInjured
00109ad7,QSTTG09BeamAbilitiesColumnLPM
00109ad6,QSTTG09BeamAbilitiesColumnStart
001098b2,NPCDragonPriestCombatIdleSpecial03
001098b1,NPCDragonPriestCombatIdleSpecial02
001098a5,OBJElderScrollBlindOut2DSD
001098a4,OBJElderScrollBlindIn2DSD
00109832,QSTMS06PotemaIdleCaveLPMSD
00109831,QSTMS06PotemaIdle2CaveLPMSD
00109830,QSTMQ206TimeTravel2D
0010982f,QSTMS06PotemaInitialFleeExit2D
0010982e,QSTMS06PotemaInitialFleeStart2D
001097c7,AMBWaterfallSmallQuietLPSD
001097c4,AMBWaterfallSplatterSmallQuietSD
001097c1,AMBWaterLeakSprayQuietLPSD
001097be,AMBWaterChurnQuietLPSD
001097ba,DRSStoneDoubleSkyHavenClose
001097b9,DRSStoneDoubleSkyHavenOpen
0010963e,DRSWoodImperialDouble02CloseSD
0010963d,DRSWoodImperialDouble02OpenSD
001094c6,DRSWoodDelphineSecretPanelClose
001094c5,DRSWoodDelphineSecretPanelOpen
001094b9,QSTMS06PotemaBanishExplosionSD
001094a8,QSTDA10SpookyDistantSD
001094a7,QSTDA10RumbleSD
001094a6,QSTDA10ItemShootSD
001094a5,QSTDA10ItemLevitateSD
001094a4,QSTDA10HauntLPMSD
001093bd,QSTYngolLightMotes
001091d1,QSTMS06PotemaIdle2LPMSD
001090a7,NPCChaurusWarningTail
001090a6,NPCChaurusWarningCall
00108e98,AMBDungeonHowlA2DLPSD
00108e69,AMBtSewerLargeRatwayRadius2DLPSD
00108e5f,AMBtSewerLargeRatwayl2DLP
00108e59,AMBtSewerMediumRadius2DLPSD
00108e15,AMBDungeonCaveDripsCSmallRadius2DLPSD
00108e13,AMBtSewerLargeRiftenJail2DLP
00108e0f,AMBWaterDungeonCaveSmallSmallRadius2DLPSD
00108e0e,AMBWaterfallSplatterSmallSmallRadiusSD
00108e0a,AMBWaterStreamFallsSmallRadiusLPSD
00108e07,AMBWaterDrain01SmallRadiusLPSD
00108dc6,QSTMS06PotemaIdleLPMSD
00108dc5,NPCHumanSpoonPotTap
00108dc4,DRSWoodStableDoorClose
00108dc3,DRSWoodStableDoorOpen
00108d7f,DRSWoodDoubleSlideClose
00108d7e,DRSWoodDoubleSlideOpen
00108d44,OBJDwemerGearsDisabledSD
00108ca8,OBJDwemerGearsStuck
00108c98,NPCDwarvenSpiderAttackLeftSide
00108c97,NPCDwarvenSpiderIdleStall
00108c96,NPCDwarvenSpiderIdleSearch
00108c95,NPCDwarvenSpiderIdlePickWall
00108c94,NPCDwarvenSpiderIdlePick
00108c93,NPCDwarvenSpiderAttackStab
00108c92,NPCDwarvenSpiderAttackSpin
00108c91,NPCDwarvenSpiderAttackForwardJump
00108c90,NPCDwarvenSpiderAttackComboLow
00108c8f,NPCDwarvenSpiderAttackComboHigh
00108bb6,NPCHumanPourMeadKeg
00108bb5,DRSPortcullisWoodGateOpen
00108bb4,DRSPortcullisWoodGateClose
0010853c,AMBExecutionWallaOhSD
00108539,AMBExecutionWalla022DLPSD
00108538,AMBExecutionWalla012DLPSD
00108281,QSTTG07VaultLockEnterSD
00108279,AMBKagrenzelWindShaftLPM
00108274,QSTKagrenzelLightOrbDopplerSD
00108273,QSTKagrenzelLightOrbSpinLPMSD
001080cc,FXFireOutSD
001080c9,QSTTG09NocturnalFloorRumbleSD
001080c8,QSTTG09NocturnalFloorDissipate
0010772c,QSTDragonTrapExit
0010772b,QSTDragonTrap
00106e20,ITMGlassBottleCaseDown
00106e1f,ITMGlassBottleCaseUp
00106d21,QSTMS06PotemaBanishSD
00106b0a,AMBtDA01AzuraStarLPM
00106b05,QSTDA01AzuraMagicEndPurifyLPMSD
00106b04,QSTDA01AzuraMagicEndCorruptLPMSD
00106b02,DRScMeaderyKegOpen
00106ad6,UISkillsPerkSelect2D
00106614,ITMPoisonUse
00106613,NPCHumanEatSoupSlurp
00106612,NPCHumanEatSoupSpoon
0010636c,DRSWoodGateBackyardWRClose
0010636b,DRSWoodGateBackyardWROpen
00105d43,WPNSwingBlunt1Hand
00105b50,NPCHumanCartRidePlayerExit
00105b4f,NPCHumanCartRidePlayerEnter
00105b4e,NPCHumanCartRideDriverEnter
00105b4d,NPCHumanCartRideDriverExit
0010512e,NPCHumanExecutionerPushB
0010512d,NPCHumanExecutionerPushA
00104fe0,NPCHumanCartExitC04
00104fdf,NPCHumanCartExitC03
00104fde,NPCHumanCartExitC02
00104fdd,NPCHumanCartExitC01
00104fdc,NPCHumanCartExitB04
00104fdb,NPCHumanCartExitB03
00104fda,NPCHumanCartExitB02
00104fd9,NPCHumanCartExitB01
00104fd8,NPCHumanCartExitA
00104fd7,NPCHumanCartDriverExit
00104f19,AMBSteamCrackLP
00104f00,AMBSteamLP
00104d69,AMBWeatherRainLight2DRadLPSD
00104d54,AMBWaterfallLargeDistantVerbLPSD
0010486f,QSTWordGroundGlowLPSD
001046cf,DRSWoodDeadboltDown
001046ce,DRSWoodDeadboltUp
00104149,DRSMetalJailSolitudeSingleClose
00104148,DRSMetalJailSolitudeSingleOpen
00104147,DRSMetalJailSolitudeClose
00104146,DRSMetalJailSolitudeOpen
001040dd,MAGPowerRacialBerserkerFire2D
001039c1,DRScCoffinWoodSmallClose
001039c0,DRScCoffinWoodSmallOpen
0010393a,OBJEyeofMagnusCloseHighLPSD
001038a2,DRSStoneMagicLabyrinthianOpen
001038a1,DRSStoneMagicLabyrinthianClose
001037dd,DRSWoodDelphineSecretClose
001037dc,DRSWoodDelphineSecretOpen
001037db,DRSMetalGateHighHrothgarClose
001037da,DRSMetalGateHighHrothgarOpen
001037d9,MAGEnchantedUnsheatheShock
001037d8,MAGEnchantedUnsheatheOther
001037d7,MAGEnchantedUnsheatheFrost
001037d6,MAGEnchantedUnsheatheFire
0010352f,FXFireOilTrapLPMSD
00103466,DRScTreasureDwarvenLargeClose
00103465,DRScTreasureDwarvenLargeOpen
00103464,QSTKagrenzelLightOrbLPSD
0010325c,QSTOculoryRing
0010325b,QSTOculoryEngage
00102735,AMBWaterfallSmallDungeonDBLPSD
00101ced,AMBWaterLeakSprayDBLPSD
0010200e,NPCBearAttackPowerStanding
00101f43,WPNLeftHandSheathe
00101f42,WPNLeftHandDraw
00101f41,AMBRumbleShakeSD
00101f40,QSTDB09Clap
00101e65,OBJEyeofMagnusOpen
00101e64,OBJEyeofMagnusOpenLPM
00101e63,OBJEyeofMagnusCloseLowLPSD
00101e62,OBJEyeofMagnusClose
00101cd1,NPCBearIdleRooting
001018bb,QSTMQ201PartyWallaInterior2DLPSD
001018ba,QSTMQ201PartyWallaExterior02LPSD
001018b8,QSTMQ201PartyWallaExterior01LPSD
00101726,TRPPressurePlateDown
00101725,TRPPressurePlateUp
00101636,NPCWerewolfFootJumpDown
00101635,NPCWerewolfFootJumpUp
00101634,NPCWerewolfFeedingKill
00101633,NPCWerewolfMaul
00101632,NPCWerewolfHeadSmash
001010ba,TRPDwemerPistonOut
001010b9,TRPDwemerPistonReset
001010b0,TRPMolagBalOpen
001010af,TRPMolagBalClose
001010ae,TRPMolagBalCloseMono
00101018,AMBrBirdsForestPine2DayKWD
00101017,AMBrBirdsForestPine2DayKWC
00101016,AMBrBirdsForestPine1MorningKWB
00101015,AMBrBirdsForestPine1MorningKWA
00101014,AMBWeatherAlduinStormCallLP
00101013,DRSWoodGateHelgenClose
00101012,DRSWoodGateHelgenOpen
00101010,NPCSabreCatAttackRight2a
0010100f,NPCSabreCatAttackRight2
0010100e,NPCSabreCatAttackLeft2
0010100a,VOCShoutFXCallOfValorFire
00101009,NPCWerewolfFeeding
00101008,NPCWerewolfShout
00100ffe,DRSHighHrothgarClose
00100ffd,DRSHighHrothgarOpen
00100ffc,FSTWaterJumpUpSD
00100ffb,FSTPlayerWaterJumpUp
00100fad,AMBDarkBrotherhoodDoor9002DLPSD
00100fac,AMBDarkBrotherhoodDoor2DLPSD
00100fa4,FXFireLarge01LPSD
00100f8d,AMBTavernInteriorA2DLPSD
00100f8a,AMBTavernExteriorLPSD
00100f88,ITMIngredientGrassUp
00100f2d,DRScBodyBurntClose
00100f2c,DRScBodyBurntOpen
00100f2b,NPCBeeJarSD
00100f2a,NPCDragonflyBuzzLP
00100f29,DRSDarkBrotherhoodSanctuaryCloseSD
00100f28,DRSDarkBrotherhoodSanctuaryOpenSD
00100f25,AMBWaterfallMediumDistantCloseDarkBrotherhoodSanctuaryLPSD
0010080c,DRSStoneLabyrinthianClose
0010080b,DRSStoneLabyrinthianOpen
0010080a,DRSStoneLabyrinthianKnock
00100638,NPCHumanWoodPickup
00100637,NPCHumanWoodDrop
00100530,NPCHumanMeditationExit
0010052f,NPCHumanMeditationEnter
00100528,NPCHumanWoodChopDistant
00100527,ITMIngredientBuzzUp
00100526,ITMIngredientClamUp
00100516,NPCHumanFelldirScrollRitualEnter
00100515,NPCHumanEsbernBookExit
00100514,NPCHumanEsbernBookEnter
00100513,NPCHumanFelldirScrollExit
00100512,NPCHumanFelldirScrollEnter
00100401,QSTDA16DistantFightingLPMSD
00100400,QSTDA16DreamstateLP
001003fb,NPCElkAggroWarningDistant
001003fa,NPCElkAggroWarning
001003f9,NPCElkFeeding
000ffa0b,MAGDwarvenSteamFireLPM
000ffa0a,NPCDwarvenCenturionAttackBreathOut
000ffa09,NPCDwarvenCenturionAttackBreathIn
000ffa07,NPCElkBreatheLP
000ff9ea,MAGVampireSunlightSD
000ff9e8,MAGVampireTransform01SD
000ff984,NPCHumanVampireFeed
000ff86a,MAGPowerRacialBattleCryFire2D
000ff7c9,NPCDragonFlightRoarDistant01SD
000ff7c8,NPCDragonFlightRoarDistant02SD
000ff785,NPCWerewolfTransformationB3DSD
000ff783,NPCWerewolfTransformationB2DSD
000ff782,MAGConjureBoundWeaponAppear
000ff56d,QSTDA16MagicBarrierOff
000ff568,QSTDA16MiasmaGasReleaseLPMSD
000ff565,QSTDA16SoulGemOff
000ff564,QSTDA16SoulGemLPSD
000ff563,QSTDA16MagicBarrierKeyOff
000ff562,QSTDA16MagicBarrierKeyLP
000ff561,DRSDA16StonePortalOpen
000ff560,QSTDA16MagicBarrierLP
000ff4c7,AMBrWindBedTundraRadiusLPSD
000ff24d,AMBWaterChurnLPSD
000ff24c,OBJCWBarricadeDestroyedSD
000ff24b,OBJCWBarricadeDamageSD
000ff244,NPCWerewolfFootSprintBack
000ff243,NPCWerewolfFootSprintFront
000fed14,NPCHagravenShriek
000fe729,OBJDwemerGearsSingleMarkarthLPSD
000fe71c,AMBWaterDungeonCaveSmall2DLPSD
000fe1d2,AMBWaterDungeonCaveLarge2DLPSD
000fe1c3,AMBtDungeonCatacombsSemiExteriorRadius2DLPSD
000fdc03,AMBDungeonDwemerMachineryB2DLPSD
000fdc02,AMBDungeonDwemerMachineryA2DLPSD
000fdbb5,NPCIceWraithInjured
000fdbb4,MAGDestructionIcicleCharge300
000fda7a,NPCAtronachFrostCombatIdle02
000fda54,MAGAlterationWaterbreathingFire2D
000fda53,MAGAlterationCharge050
000fda52,MAGAlterationReadyLP
000fda36,NPCAtronachStormCombatIdle02
000fd98b,FXExplosionCatapult2D
000fd98a,FXExplosionCatapultFar
000fd989,FXExplosionCatapultNear
000fd988,OBJCatapultReturn
000fd987,OBJCatapultFire
000fd933,AMBDungeonMineWindRadius2DLPSD
000fd932,AMBrDungeonMineRumbleRocks
000fd931,AMBrDungeonMineRumble
000fd930,AMBrDungeonMineShaking
000fd92e,AMBrDungeonMineCrumble
000fcf0c,AMBWaterfallSplatterMediumDungeonSD
000fcf08,NPCSkeeverBreatheLP
000fce6d,NPCHagravenWarn
000fcc52,NPCCowDeath
000fcc51,NPCCowInjured
000fcc50,NPCCowAttack
000fcc2e,NPCHumanSitChairUp
000fcc2d,NPCHumanSitChairDown
000fc23b,NPCDwarvenSphereWarn01
000fc23a,NPCDwarvenSphereTaunt02
000fc239,NPCDwarvenSphereTaunt01
000fc21f,ITMIngredientBowlUp
000fc21e,ITMIngredientHeartUp
000fc1f0,NPCDwarvenSphereScan
000fb9ab,NPCHumanShovelDump
000fb9aa,QSTHermaeusPortalOpen
000fb9a9,NPCHumanBasteMeat
000fb9a8,NPCHumanStirPot
000fb9a7,OBJMetalRotateRack
000fb9a6,OBJWindmillWheelCreak
000fb9a5,NPCHumanLeatherScrape
000fb9a4,NPCHumanShovel
000fb9a3,NPCSabreCatIdleCombat02
000fb9a2,NPCSabreCatIdleCombat01
000fb9a1,NPCSabreCatAggroWarning02
000fb9a0,NPCSabreCatAggroWarning01
000fb975,ITMIngredientRootUp
000fb974,ITMIngredientMossUp
000fae83,QSTDA02BoethiahImpact
000faac1,OBJWindmillColumnLPSD
000faac0,OBJWindmillWheelLPSD
000faabf,OBJWindmillBreak
000faabe,OBJWindmillBlade
000fa735,QSTDA09LightBeamOffSD
000fa734,QSTDA09LightBeamOnSD
000fa733,OBJStoneKilkreathPedestalOpen
000fa2c0,NPCWritingEnter
000fa2bf,NPCWritingExit
000fa2be,NPCWritingMain
000fa21b,QSTBeamMeridiaStatueLPSD
000f9b46,AMBWaterSteamPools2DLPSD
000f9b45,AMBDungeonDwemerSteamLPSD
000f9b44,DRScChaurusBoxClose
000f9b43,DRScChaurusBoxOpen
000f9937,DRSSewerHoleWoodClose
000f9936,DRSSewerHoleWoodOpen
000f9933,AMBWaterfallMediumDistantCloseLPSD
000f9930,AMBWaterLeakSprayLPSD
000f992a,AMBDungeonFortWindRadius2DLPSD
000f9929,AMBrDungeonFortCreaking02SD
000f9643,NPCHorseBreatheLP
000f9620,QSTShadowmereAppear
000f95bd,NPCFalmerIdleDetection
000f95bc,NPCBearAggroWarning02
000f95bb,NPCBearAggroWarning01
000f9429,NPCHorseInjured
000f9428,NPCHorseDeath
000f93ef,NPCWerewolfAttackB
000f93ee,NPCWerewolfAttackA
000f93ed,QSTBeamMeridiaStatueRelease
000f92bf,NPCWerewolfBreatheOut
000f92be,NPCWerewolfBreatheIn
000f92bd,NPCSlaughterfishCombatIdle
000f92bc,NPCSlaughterfishMainIdle
000f92bb,NPCSlaughterfishLocomotion
000f92ba,NPCSlaughterfishDeath
000f92b9,NPCSlaughterfishAttack
000f92b7,QSTBeamMeridiaStatueOn
000f92b6,QSTT02LoversAscending
000f92b5,QSTHermaeusPortalLPM
000f905d,QSTDA09LightBeamImpactLP
000f86ff,NPCHumanClap
000f7eac,NPCWerewolfBreatheLP
000f7ea7,NPCWerewolfFootRun
000f7b67,DRScBodySkeletonClose
000f7b66,DRScBodySkeletonOpen
000f7b62,PHYBodyBonesL
000f7b61,PHYBodyBonesH
000f75ab,PHYBonesH
000f75aa,PHYBonesL
000f69c7,DRScBodyMetalClose
000f69c6,DRScBodyMetalOpen
000f69c3,WPNImpactBlade2HandVsMetalSkin
000f69c2,WPNImpactBladeVsMetalSkin
000f69c1,FSTPlayerIceSprintArmorHeavyR
000f69c0,FSTPlayerIceSprintArmorHeavyL
000f69bf,FSTPlayerIceSprintArmorLightR
000f69be,FSTPlayerIceSprintArmorLightL
000f69bd,FSTPlayerIceRunArmorLightR
000f69bc,FSTPlayerIceRunArmorLightL
000f69bb,FSTPlayerIceRunArmorHeavyR
000f69ba,FSTPlayerIceRunArmorHeavyL
000f600f,WPNImpactBlade2HandVsFleshDraugr
000f600e,WPNImpactBladeVsFleshDraugr
000f6000,NPCHumanHornStormcloakDistant
000f5fff,NPCHumanHornImperialDistant
000f5ffe,NPCHumanHornStormcloak
000f5ffd,NPCHumanHornImperial
000f57e9,QSTHalldirCairnLowLPSD
000f57e8,QSTHalldirCairnMainLPSD
000f57e7,QSTHalldirCairnFadeSD
000f57e6,TRPFireStonePillarShootLPM
000f57e5,TRPFireStonePillarOpen
000f57e4,TRPFireStonePillarClose
000f4a20,MAGPowerRacialPacifyFire2D
000f4a1f,MAGPowerRacialDragonskinFire2D
000f4305,DRSStoneRiftenJailOpen
000f4304,DRSStoneRiftenJailClose
000f4303,TRPBladeThresherdrop
000f4302,TRPBladeThresherup
000f4301,TRPBladeThresherstillLPM
000f4300,TRPBladeThreshermoveLPM
000f3e92,NPCCannibalStand
000f3e91,NPCCannibalKneel
000f3e90,QSTTG09BirdPooOpenStereo
000f3e8f,QSTTG09BirdPoolFlyingOutStereo
000f3e8e,QSTTG09BirdPoolFlyingInStereo
000f3661,ITMIngredientGarlicUp
000f274a,DRSWoodSingleHeavyAnimClose
000f2749,DRSWoodSingleHeavyAnimOpen
000f2699,NPCWitchlightAttack
000f246f,AMBWaterRiverRiftenLPSD
000f23e1,NPCWerewolfFootWalk
000f23d5,NPCDragonPriestDeathDustB
000f23d4,NPCDragonPriestDeathDustA
000f23c2,FXMeleeWerewolfFlesh
000f23a5,NPCBeeBuzzLP
000f23a4,DRSMetalDoubleClose
000f23a3,DRSMetalDoubleOpen
000f23a2,DRSMetalSingleClose
000f23a1,DRSMetalSingleOpen
000d4b2f,QSTDwemerGongSD
000f1b21,QSTFalmerEyeStatueIdle02
000f1b20,QSTFalmerEyeStatueIdle01
000f1b1f,NPCDragonKillMove
000f1b1e,QSTTG02BeesLPSD
000f1b1d,NPCHumanHoeC
000f1b1c,NPCHumanHoeB
000f1b1b,NPCHumanHoeA
000f1b19,QSTFalmerEyeStatueExit
000f1b18,NPCHumanBucketPour
000f1b17,NPCHumanBucketFill
000f1b16,DRSSaarthalCollapse
000f1b15,DRSMetalPitGateClose
000f1b14,DRSMetalPitGateOpen
000f1b13,DRSDwemerGateClose
000f1b11,DRSDwemerGateOpen
000f1b10,DRSThievesGuildMausoleumClose2D
000f1b0f,DRSThievesGuildMausoleumClose3D
000f1b0e,DRSThievesGuildMausoleumOpen2D
000f1b0d,DRSThievesGuildMausoleumOpen3D
000f1b0c,DRSStoneWallJailCollapse
000f1a9f,DRSBoneFalmerGateClose
000f1a9e,DRSBoneFalmerGateOpen
000f143f,FXFireGiantCampfireLP
000f13aa,DRSStoneSecretSlideClose
000f13a9,DRSStoneSecretSlideOpen
000f11f6,AMBWaterCanalRiften022DLPSD
000f11f5,AMBWaterCanalRiften012DLPSD
000f0472,AMBDungeonWindDoorSolitudeJailExitLPSD
000ecf93,UISpellLearned
000ebe27,QSTE3TowerHoleStereoSD
000ebe26,QSTE3TowerHoleMonoSD
000ebc26,TRPBladeSwingImpactSD
000eb802,OBJVerticalSarcophagusOpen
000eafb3,NPCTrollInjured
000ea9f8,WPNImpactArrowVsFleshPLAYER
000ea653,MAGDestructionFireboltDragonProjectile
000ea51c,NPCHumanBlacksmithRepairHammerDistantSD
000ea51b,NPCHumanBlacksmithRepairHammerSD
000ea344,MAGDestructionFrostBiteDragonExplosion2D
000ea343,MAGDestructionFrostBiteDragonExplosion
000ea342,MAGDestructionFrostBiteDragonProjectileLP
000e9e01,AMBWaterDrain01LPSD
000e9df3,AMBWaterStream02WhiterunLPSD
000e9def,AMBWaterfallSplatterSmallSD
000e9de5,AMBWaterStreamSmallWhiterunLPSD
000e9de1,AMBWaterStream01WhiterunLPSD
000e9ddf,FXFireEmbers03LPSD
000e9dde,AMBrDungeonDwemerCracking
000e934a,AMBrDungeonDwemerRumble
000e8f26,NPCHorseIdlePaw
000e8f25,NPCHorseIdleGraze
000e8f24,NPCHorseIdleTail
000e8e8d,OBJDwemerPistonB
000e8e8c,OBJDwemerPistonA
000e8e8b,NPCKillChop
000e8e8a,NPCKillMelee
000e8e89,NPCKillMeleeB
000e84ec,NPCHorseAttack
000e84e8,NPCHorseRearUp
000e84a4,AMBtDungeonDwemerGeneric2DLPSD
000e32c0,AMBDungeonIceDripRadius2DLPSD
000e329d,AMBDungeonIceWindRadius2DLPSD
000e3293,AMBtDungeonIceGeneric012DLP
000e326e,OBJDwemerGearsSingleB02LPSD
000e326a,OBJDwemerGearsSingleB01LPSD
000e325b,OBJDwemerGearsMultipleLPSD
000e3248,OBJDwemerGearsSingleLPSD
000e3233,OBJDwemerPipeFanLP
000e0d25,NPCKillSwordSpin
000e0d24,NPCKillShove
000e0d23,NPCHorseIdleHeadShake
000e0d22,NPCHorseIdleHead03
000e0d21,NPCHorseIdleHead01B
000e0d20,NPCHorseIdleHead01A
000dcaff,NPCKillStruggle
000dcaf7,NPCKillSmash
000dab87,MAGDestructionFrostBiteDragonFireLPM
000dab83,OBJGuardianStoneLPM
000dab82,NPCKillGore
000dab81,NPCKillSlash
000dab80,NPCKillBodyfall
000dab7f,NPCKillStabOut
000dab7e,NPCKillStabIn
000d9377,NPCDragonAttackTalonExit
000d936e,NPCDragonAttackTalonEnter
000d936d,DRSWoodSingleShipLoadClose
000d936c,DRSWoodSingleShipLoadOpen
000d9345,DRSWoodSingleShipClose
000d9344,DRSWoodSingleShipOpen
000d9333,NPCWispInjured
000d872c,MUSBardDrum03SD
000d872b,MUSBardDrum02SD
000d872a,MUSBardDrum01SD
000d78c1,AMBrInteriorWoodRattle
000d78bf,AMBrWindBedMarshInteriorLP
000d78bc,AMBtInteriorShipWavesExterior03SD
000d78ba,AMBtInteriorShipWaves03
000d78b7,AMBtInteriorShipWaves01
000d78b6,AMBDungeonCaveDripShipBLP
000d78b5,AMBDungeonCaveDripShipALP
000d78af,NPCWispDeath
000d78ae,NPCHareInjured
000d78ab,NPCHareDeath
000d78aa,NPCWitchlightInjured
000d78a8,NPCWitchlightDeath
000d76b7,QSTEldergleamRoot
000d6de6,NPCHumanPIckAxeDistant
000d6dbf,NPCHumanPickAxe
000d6c14,FSTWaterPuddleWalk
000d6c12,FSTPlayerWaterPuddleWalk
000d3adc,NPCWitchlightConsciousLP
000d3adb,NPCWispAttack
000d3ad9,NPCWispConsciousLP
000d3ad0,NPCHareFootFront
000d3acf,QSTMehrunesRazorReforge
000cd671,MAGRestorationFirePotion
000cc7c0,QSTSkyhavenRemanHeadClose
000cc7bf,QSTSkyhavenRemanHeadOpen
000cc7be,QSTSkyhavenBloodSeal04
000cc7bd,QSTSkyhavenBloodSeal03
000cc7bc,QSTSkyhavenBloodSeal02
000cc7bb,QSTSkyhavenBloodSeal01
000cb1b5,DRSRetractableBridgeStoneDownA
000caf96,DRSRetractableBridgeStoneDownB
000caf95,DRSRetractableBridgeStoneUp
000caf94,ITMFoodEat
000c9af6,NPCHagravenInjured
000c9af4,NPCHagravenDeath
000c3cba,NPCHagravenAttack
000c3cab,QSTGreybeardCallSD
000c2936,AMBrWindBedWorldMapLP
000c25cc,DRSStoneRotatingDiscClose
000c25cb,DRSStoneRotatingDiscOpen
000c2433,NPCHumanAlchemyTap
000c2432,NPCHumanAlchemyStir
000c2431,NPCHumanAlchemyPound
000c2430,NPCSkeletonCombatIdleShieldRally
000c242f,NPCSkeletonCombatIdle2GSTauntA
000c242e,NPCSkeletonCombatIdle1HMTauntC
000c242d,NPCSkeletonCombatIdle1HMTauntB
000c242c,NPCSkeletonCombatIdle1HMTauntA
000c1d8c,NPCSkeletonAttack
000c0df3,UIMapRolloverFlyout
000c0df0,DRSWoodDoubleRough02MineClose
000c0dea,DRSWoodDoubleRough02MineOpen
000c0d89,NPCHagravenConsciousLP
000c0d1d,NPCHagravenFootWalkR
000c0d1c,NPCHagravenFootWalkL
000c0c7a,NPCGiantAttackVocal
000c0c74,NPCSkeletonConsciousLP
000bfb2d,NPCSkeletonInjured
000bfb29,NPCSkeletonDeath
000bfb21,NPCSkeletonFootWalkR
000bfb20,NPCSkeletonFootWalkL
000bfb1f,ITMIngredientEggWetUp
000b73ec,AMBWaterRapidsSmallLPSD
000b62ec,AMBWaterfallTallLPSD
000b60fa,AMBWaterfallMediumDistantLPSD
000b60e0,AMBWaterfallMedium2DLPSD
000b6090,AMBWaterRapidsMedium2DLPSD
000b601d,AMBWaterRapidsMediumLPSD
000b6019,AMBWaterfallLarge2DLPSD
000b2dd7,NPCGiantIdleSearching
000b2dd6,NPCGiantIdleKick
000b2dd5,NPCGiantIdleScratchHead
000b2dd4,NPCGiantIdleScratchBack
000b2dd3,NPCMammothAggroWarning02
000b2dd2,NPCMammothAggroWarning01
000b2dd1,DRScKnapackClose
000b2dd0,DRScKnapackOpen
000b2dc9,NPCMammothFootRunBack
000b2dc8,NPCMammothFootRunFront
000ac037,MAGIllusionFireLPM
000abf67,PHYBodyMediumGrassL
000abee6,PHYBodyMediumGrassH
000abee5,OBJPullBar
000abee4,OBJPullChainUp
000abece,OBJPullChainDown
000a7247,VOCShoutImpactIceForm
000a7246,VOCShoutImpactDisarm
0009de95,DRSCoffinNightMotherCloseSD
0009de94,DRSCoffinNightMotherOpenSD
0009937b,AMBSewerGrateLPSD
0009932d,QSTTG08TowerCollapseSD
00098565,QSTEsbernLocks03SD
00098563,QSTEsbernLocks02SD
00098562,QSTEsbernLocks01SD
00097624,AMBDarkBrotherhoodDoor900LPSD
00097613,AMBDarkBrotherhoodDoorLPSD
0009611d,UILoadscreenMist
0009610b,NPCGiantAttackPowerForward
000960fc,MUSBardFlute02SD
000960ea,MAGRestorationBaneOfTheDeadExplosion2D
000960e9,MAGRestorationCharge300
000960e6,MAGConjureBoundWeaponLP
0006be20,UIMagicUnselect
0006be1f,UIMagicSelect
00068d8a,UIShoutLearnAll
00068d83,UIShoutLearnSingle
00051ceb,NPCFalmerIdleScratch
00051a01,NPCFalmerAggroWarning
0005194b,VOCShoutFXDisarmC
00051939,VOCShoutFXDisarmB
00051937,VOCShoutFXDisarmA
00051936,NPCWerewolfTransformationSD
000379f5,QSTUstengravRumbleStatue02SD
000379d0,QSTUstengravRumbleStatue01SD
00037926,QSTUstengravRumble2DLPMSD
0002e182,QSTAstrolabeLexiconOpen
0002e17d,QSTAstrolabeLexiconClose
0002e171,QSTAstrolabeLensOpen3D
0002e16f,QSTAstrolabeLensOpen2D
0002e16c,QSTAstrolabeHubTurnThreeFour3D
0002e16a,QSTAstrolabeHubTurnThreeFour2D
0002e167,QSTAstrolabeHubTurnOneTwo3D
0002e165,QSTAstrolabeHubTurnOneTwo2D
0002e15f,QSTAstrolabeHubRetract3D
0002e15b,QSTAstrolabeHubRetract2D
0002e156,QSTAstrolabeHatchOpen3D
0002e155,QSTAstrolabeHatchOpen2D
0002e150,QSTAstrolabeButtonPress
0002e14f,QSTAstrolabeButtonOpen
0002e049,QSTAstrolabeArmillary3D
0002df24,QSTAstrolabeArmillary2D
00017057,QSTMercerRampFall
0001646d,AMBrWindForestPineGustB01
0001646c,AMBrWindForestPineGustA01
00090c60,TRPDwemerShaftRotate
00090c55,TRPDwemerShaftCageUp
00089382,CWaterHumanoid
00089381,CWaterLarge
00089380,CWaterMedium
00089375,CWaterSmall
00085d5a,DRSCaveSecretClose
00085d59,DRSCaveSecretOpen
0007f8eb,VOCShoutFXFrostBreathC
0007f8e7,VOCShoutFXFrostBreathB
0007f8e6,VOCShoutFXFrostBreathA
0007f8e5,VOCShoutProjectileFireBreathA
00079af4,NPCWolfBreatheRun
00079af0,PHYBodyMediumWoodL
00079aef,PHYBodyMediumWoodH
00078701,NPCDwarvenSphereConsciousLP
00072915,VOCShoutFXFireBreathC
000728da,VOCShoutFXFireBreathB
000728ce,VOCShoutFXFireBreathA
0006f3ac,NPCDwarvenCenturionFullScan
0006f3ab,NPCDwarvenCenturionStall
0006a872,QSTChargenCaveInHall3D
0006a86f,QSTChargenCaveInHall2D
0006a86e,QSTChargenCaveInBridge3D
0006a86d,QSTChargenCaveInBridge2D
0006a86c,NPCChaurusTaunt01
0006a86b,NPCChaurusFeed02
0006a86a,NPCChaurusFeed01
0006a869,NPCChaurusMandibles03
0006a868,NPCChaurusMandibles02
0006a867,NPCChaurusMandibles01
000661ce,FSTPlayerIceSneakR
000661cd,FSTPlayerIceSneakL
000661cc,FSTPlayerWoodSneakR
000661cb,FSTPlayerWoodSneakL
000661ca,FSTPlayerStoneSolidSneakR
000661c9,FSTPlayerStoneSolidSneakL
000661c8,FSTPlayerGravelSneakR
000661c7,FSTPlayerGravelSneakL
000661c6,FSTPlayerGrassSneakR
000661c5,FSTPlayerGrassSneakL
000661c4,FSTPlayerDirtSneakR
000661c3,FSTPlayerDirtSneakL
000661c2,FSTPlayerCarpetSneakR
000661c1,FSTPlayerCarpetSneakL
000624b1,PHYMaterialBlade1HandSmallH
000624b0,PHYMaterialBlade1HandSmallL
000624ab,PHYGenericClothL
000624aa,PHYGenericClothH
0005cf15,NPCMudcrabBreatheLP
0005cf0b,PHYBookL
0005cf0a,PHYBookH
0005cefa,PHYGenericMetalHeavyL
0005cef9,PHYGenericMetalHeavyH
0005cef6,PHYGenericMetalMediumL
0005cef5,PHYGenericMetalMediumH
0004cbb7,VOCShoutFXAnimalAllegiance
0004739a,NPCWolfAttackPowerShort
00047399,NPCMudcrabAttackForwardJump
00047394,NPCMudcrabAttackCombo
00047383,NPCMudcrabAttack
0004737d,NPCHorkerInjured
0004737c,NPCHorkerDeath
0004737b,NPCHorkerAttackPowerStanding
00047379,NPCHorkerAttackPowerForward
000452ce,PHYWaterSplash
00044f5d,VOCShoutImpactStormCallFarSD
00044f5c,VOCShoutImpactStormCallNearSD
00044f5b,NPCHorkerAggroWarning
000428b8,NPCHorkerFootFront
000428b7,NPCHorkerFootBack
0003e8a4,NPCMudcrabIdle
0003e8a3,NPCMudcrabInjured
0003e8a2,NPCMudcrabDeath
00037e12,FSTPlayerWaterSprintR
00037e11,FSTPlayerWaterSprintL
00037e10,FSTIceSprintLSD
00037e0f,FSTIceWalkRSD
00037e0e,FSTIceWalkLSD
00037e0d,FSTIceRunRSD
00037e0c,FSTIceRunLSD
00037ded,FSTPlayerIceSprintRSD
0002362d,FSTStoneBarefootRunR
0002362c,FSTStoneBarefootRunL
0002362b,FSTWoodBarefootWalkR
0002362a,FSTWoodBarefootWalkL
00023629,FSTWoodBarefootRunR
00023628,FSTWoodBarefootRunL
00023627,FSTCarpetWalkR
00023626,FSTCarpetWalkL
00023625,FSTCarpetRunR
00023624,FSTCarpetRunL
00023581,WPNImpactBlunt2HandVsOther
000233be,DRScDisplayCaseClose
00023369,DRScDisplayCaseOpen
00015bcf,NPCDogIdleSniff
00015bc2,NPCDogIdleScratchB
00015bb3,NPCDogIdleShake
00015bb2,NPCDogIdleScratchA
00015bb1,NPCDogIdleWhine
00013593,NPCDogAggroWarning
000e8c3c,NPCDogAttackPower
000e8c3b,NPCDogAttack
000e7b94,NPCSprigganAttackB
000e7b93,NPCSprigganAttackA
000e752d,PHYMaterialBlunt2HandL
000e752c,PHYMaterialBlunt2HandH
000e7529,PHYMaterialBlunt1HandL
000e7528,PHYMaterialBlunt1HandH
000e7524,PHYMaterialBlade2HandL
000e7523,PHYMaterialBlade2HandH
000e7522,AMBWeatherThunderDistant
000e7521,NPCWolfAttackPower
000e68e8,NPCWolfAggroWarning
000e670f,NPCMudcrabDigIn
000e670e,NPCMudcrabDigOut
000e6532,NPCWolfBreathe
000e64a7,WPNBlockBlunt2HandVsOther
000e4f24,PHYMeatH
000e4f23,PHYMeatL
000e4f11,WPNBlunt2HandSheathe
000e4f10,WPNBlunt2HandDraw
000e4f0e,WPNImpactBlunt2HandVsWood
000e4cad,WPNImpactBlunt2HandVsFlesh
000e4cac,WPNSwing2Hand
000e4ca7,FSTPlayerWoodBarefootSprintR
000e4ca6,FSTPlayerWoodBarefootSprintL
000e4ca5,FSTPlayerWoodBarefootRunR
000e4ca4,FSTPlayerWoodBarefootRunL
000e41e3,FSTPlayerBarefootStoneSprintR
000e41e2,FSTPlayerBarefootStoneSprintL
000e41e1,FSTPlayerBarefootStoneRunR
000e41e0,FSTPlayerBarefootStoneRunL
000e41df,FSTPlayerBarefootStoneWalkRSD
000e41de,FSTPlayerBarefootStoneWalkLSD
000e3cb9,DRScNobleGeneralClose
000e3cb8,DRScNobleGeneralOpen
000e360c,AMBWaterCoastWavesDistantLPSD
000de18f,NPCDogDeath
000de18e,NPCDogInjured
000dde3b,FXFireMedium01LPSD
000dce96,NPCWolfFootWalkBack
000dce95,NPCWolfFootWalkFront
000dce93,ITMNirnrootLPSD
000dce89,AMBWaterBoatLapExteriorSmallLPSD
000dce87,AMBWindSnowBlowingLPSD
000dce83,AMBWaterBoatLapInteriorLargeLPSD
000db85a,MUSBardFlute01SD
000db6e0,AMBWaterCoastWavesLPSD
000db6df,AMBrWindCoastGustB
000db6de,AMBrWindCoastGustA
000db6dd,AMBrWindBedCoastLP
000d8d4c,NPCWolfHowlDistant
000d8d4b,NPCWolfHowl
000d42e3,AMBrCricketsReachNight07LPSD
000d42e2,AMBrCricketsReachNight06LPSD
000d42e1,AMBrCricketsReachNight05LPSD
000d42e0,AMBrCricketsReachNight04LPSD
000d42df,AMBrCricketsReachNight03LPSD
000d42de,AMBrCricketsReachNight02LPSD
000d42dd,AMBrCricketsReachNight01LPSD
000d42dc,AMBrInsectsReachA01
000d4047,AMBrFrogsReachNight01RadLPSD
000d4046,AMBrWindReachGustB
000d4045,AMBrWindReachGustA
000d4044,AMBrWindBedReachLP
000d206d,AMBrInsectsMarshC01
000d206c,AMBrFrogsForestPineNightLPSD
000d206b,AMBrCricketsMarshMorning04LP
000d206a,AMBrCricketsMarshMorning03LP
000d2069,AMBrCricketsMarshMorning02LP
000d2068,AMBrCricketsMarshMorning01LP
000d2067,AMBrWindMarshGustB
000d2066,AMBrWindMarshGustA
000d2065,AMBrWindBedMarshLP
000cf2ca,AMBrWindMountainGustB
000cf2c9,AMBrBirdsSnowy2DayB01
000cf2c8,AMBrBirdsSnowy2DayA01
000cf2c7,AMBrWindBedMountainsLP
000cab5b,AMBWeatherRainDrizzleLP
000c8c77,UIEnchantingLearnEffect
000c8c76,UIEnchantingItemDestroy
000c8c75,UIAlchemyLearnEffect
000c8c74,UIAlchemyCreatePotion
000c8c73,UISmithingImproveArmor
000c8c72,UIAlchemyFail
000c8c71,UIEnchantingItemCreate
000c8c70,UISmithingImproveWeapon
000c8c6f,UIAlchemyCreatePoison
000c8c6e,UISelectOff
000c8c6d,UISelectOn
000c8237,FSTPlayerCarpetSprintR
000c8236,FSTPlayerCarpetSprintL
000c8235,FSTPlayerCarpetWalkR
000c8234,FSTPlayerCarpetWalkL
000c8233,FSTPlayerCarpetRunR
000c8232,FSTPlayerCarpetRunL
000c7a56,ITMNoteClose
000c7a55,ITMNoteOpen
000c7a54,ITMNoteUp
000c6e02,DRSIronPrisonCellGrateClose
000c6e01,DRSIronPrisonCellGrateOpen
000c6d13,UIQuestInactive
000c6d12,DRSWoodDoubleLight03Close
000c6d11,DRSWoodDoubleLight03Open
000c5d08,AMBtInteriorGeneric01LPSD
000c52f7,WPNImpactCrGiantClubVsFlesh
000c4e30,WPNImpactCrGiantClubVsDirt
000c4e2e,NPCGiantConsciousLP
000c4cca,NPCGiantInjured
000c2b73,DRSWoodTrapDoorClose
000c2b72,DRSWoodTrapDoorOpen
000c1ad4,PHYBodyLargeH
000c1ad3,PHYBodyLargeL
000c1ad1,WPNImpactUnarmedVsOther
000c1919,UILockpickingCylinderTurn
000c1918,UILockpickingPickTensionLPM
000c1917,UILockpickingUnlock
000c1916,UILockpickingPickBreak
000c1915,UILockpickingCylinderSqueakB
000c1914,UILockpickingCylinderSqueakA
000c1912,UILockpickingCylinderStop
000c1911,UILockpickingPickMovement
000c1910,UILockpickingEnter
000c190d,WPNImpactUnarmedVsFlesh
000c06d1,WPNSwingUnarmed
000c06d0,WPNUnarmedSheathe
000c06cf,WPNUnarmedDraw
000c06ce,UISneakAttack
000c0303,DRSIronAlleyClose
000c0302,DRSIronAlleyOpen
000bfbec,DRSSlotClose
000bfbeb,DRSSlotOpen
000bfbea,DRSLadderWood
000bfbe9,DRSWoodSingleHeavy01Close
000bfbe8,DRSWoodSingleHeavy01Open
000bfbe7,FSTPlayerWaterJumpDown
000bfbe6,FSTPlayerWaterSneakR
000bfbe5,FSTPlayerWaterSneakL
000bfbe4,FSTPlayerWaterRunR
000bfbe3,FSTPlayerWaterRunL
000bfbe2,FSTPlayerWaterWalkR
000bfbe1,FSTPlayerWaterWalkL
000bcf0a,DRSWoodGateBackyardClose
000bcf09,DRSWoodGateBackyardOpen
000bb055,DRSWoodStallSlideClose
000bb054,DRSWoodStallSlideOpen
000bad16,NPCChaurusInjured
000bad15,MAGFrostWallNodeLP
000bad14,MAGShockWallNodeLP
000bad13,ITMIngredientMushroomUp
000a2cc7,PHYBoulderLargeBoulderLSD
000a2cc6,TRPRockfallChuteOpenB
000a19ae,NPCBearAttackForwardB
000a19ad,NPCBearAttackForwardA
000a19ac,NPCBearAttackB
000a19ab,NPCBearAttackA
000a19a2,NPCBearFootBackRun
000a19a1,NPCBearFootFrontRun
000899ae,ITMCoinPouchDown
000899ad,ITMCoinPouchUp
00076560,MAGConjureReadyLP
00073fd9,MAGDestructionFireCharge300
0006f6d3,MAGIllusionCharge050
0006f456,NPCMammothInjured
00027e1f,NPCMammothDeathSD
0001c062,NPCMammothAttackB
0001c061,NPCMammothAttackA
0001c05f,NPCMammothConsciousLP
0001995c,MAGDestructionBlizzard2DLPM
00018f72,DRSStoneRotatingDiscLPMSD
000186df,DRScOreClose
000186de,DrScOreOpen
0001828a,TRPBearTrapReset
00018289,TRPBearTrapFire
000180c4,NPCGoatChew
000180c2,NPCGoatInjured
000180c1,NPCGoatDeath
00016ceb,NPCGoatAttackB
00016cea,NPCGoatAttackA
00016cab,NPCGoatBleat
0005e3d1,NPCGoatFootBell
0005e3d0,NPCGoatFootBack
0005e3cf,NPCGoatFootFront
00057f07,DRSIronCage01Close
00057f06,DRSIronCage01Open
00056b75,MAGConjurationCharge050
00055785,TRPPlatformSpikesDownSD
00055781,TRPPlatformSpikesUpSD
0005577c,TRPPressurePlateStoneSD
00044ed8,AMBUnderwater2DLPM
00044ed7,DRSWoodDoubleRough01Close
00044ed4,DRSWoodDoubleRough01Open
00044ec5,AMBBannerRockCairnLP
0002d1dd,DRSWoodDoubleLight02Close
0002d1cd,DRSWoodDoubleLight02Open
0002cacb,DRSWoodMainGate01Close
0002ca88,DRSWoodMainGate01Open
00097783,WPNBlockBlade2HandVsOtherSD
000949d3,WPNImpactBlade2HandVsFleshSD
0009003a,DRSRetractableBridgeWoodDownB
0008dc3d,NPCHumanExecutionerChopB
0008dc3c,NPCHumanExecutionerChopA
0008ccfc,NPCKill1HMDualWieldA
0008b6fd,DRSIronImpJail01Close
0008b6fc,DRSIronImpJail01Open
0008b6fb,DRSRetractableBridgeWoodDownA
0008b6fa,DRSRetractableBridgeWoodUp
00084d0f,DRScSackClose
00084d0e,DRScSackOpen
00084d0d,DRScPotClose
00084d0c,DRScPotOpen
00084783,OBJCarriageMove2DLPMSD
0008477f,PHYCarriageWheelL
0008477e,PHYCarriageWheelH
00037d12,WPNBashShieldHDEMOCACHESD
0003490e,WPNBlade1HandDrawDEMOCACHE03SD
00034904,WPNBlade1HandDrawDEMOCACHE02SD
00034903,WPNBlade1HandDrawDEMOCACHE01SD
0002e54c,QSTDemoFinalShoutSD
0002e2ee,NPCSpiderFrostbiteGiantFootR
0002e2ed,NPCSpiderFrostbiteGiantFootL
0002afd6,NPCSpiderFrostbiteGiantDeath
0002a615,NPCSpiderFrostbiteGiantAttackB
0002a60f,NPCSpiderFrostbiteGiantAttackA
0002a60b,NPCSpiderFrostbiteAttackImpact
00029876,TRPSwingGrateImpactFleshSD
000296ca,TRPSwingGrateImpactFleshxxxxxx
0002518f,MAGDestructionFireballExplosionDistant
0002518e,MAGDestructionFireballExplosion
000bf55b,NPCSpiderFrostbiteGiantBreatheLP
000bf451,NPCDraugrConsciousLP
000bf1a5,NPCKill1HMDraugrShortB
000bf0c8,NPCKill1HMTrollA
000bee7e,NPCDraugrCombatIdle1HMTauntC
000bee7d,NPCDraugrCombatIdle1HMTauntB
000bee7c,NPCDraugrCombatIdle1HMTauntA
000bee7b,NPCDraugrCombatIdleShieldRally
000bee7a,NPCDraugrCombatIdle2GSTauntA
000bee61,UIObjectiveFade
000bee60,UIObjectiveNew
000be3da,NPCDragonPriestCombatIdleThunder
000be3d9,NPCDragonPriest
000bcd31,AMBBirdTreeFlyAwaySD
000bcd30,AMBBirdTreeLPSD
000bb9da,NPCHumanCombatIdleShieldHit
000bb9d9,NPCHumanCombatIdleC
000bb9d8,NPCHumanCombatIdleB
000bb9d7,NPCHumanCombatIdleA
000bb9d6,XXXTestTone1000Hz0dBFS
000b97ce,NPCCowMooDistant
000b97cd,NPCCowMoo
000b97c5,NPCMudcrabFootWalkR
000b97c4,NPCMudcrabFootWalkL
000b9632,NPCAtronachFlameAttackB
000b9631,NPCAtronachFlameAttackA
000b9281,NPCAtronachFlameMovementLPM
000b6462,FSTPlayerSnowSprintRSD
000b6461,FSTPlayerSnowSprintLSD
000b6460,FSTPlayerSnowWalkRSD
000b645f,FSTPlayerSnowWalkLSD
000b645e,FSTPlayerSnowSneakRSD
000b645d,FSTPlayerSnowSneakLSD
000b645c,FSTPlayerSnowRunRSD
000b645b,FSTPlayerSnowRunLSD
000b645a,FSTPlayerSnowWalkArmorLightRSD
000b6459,FSTPlayerSnowWalkArmorLightLSD
000b6458,FSTPlayerSnowWalkArmorHeavyRSD
000b6457,FSTPlayerSnowWalkArmorHeavyLSD
000b6456,FSTPlayerSnowSprintArmorLightRSD
000b6455,FSTPlayerSnowSprintArmorLightLSD
000b6454,FSTPlayerSnowSprintArmorHeavyRSD
000b6453,FSTPlayerSnowSprintArmorHeavyLSD
000b6452,FSTPlayerSnowRunArmorLightRSD
000b6451,FSTPlayerSnowRunArmorLightLSD
000b6450,FSTPlayerSnowRunArmorHeavyRSD
000b644f,FSTPlayerSnowRunArmorHeavyLSD
000b6435,ITMPotionUse
000b6344,NPCHumanDrowning
000b6343,NPCAtronachFlameInjured
000b5d86,NPCAtronachFlameDeathExplosion2D
000b5d85,NPCAtronachFlameDeathExplosion3D
000b5d83,NPCAtronachFlameDeath
000b5d81,NPCAtronachFlameConsciousLP
000b5691,UIStartNewGame
000b5690,FSTPlayerWoodStairsArmorLightRSD
000b568f,FSTPlayerWoodStairsArmorLightLSD
000b568e,FSTPlayerStoneSolidStairsArmorLightRSD
000b568d,FSTPlayerStoneSolidStairsArmorLightLSD
000b568c,FSTPlayerWoodSprintArmorLightRSD
000b568b,FSTPlayerWoodSprintArmorLightLSD
000b568a,FSTPlayerWoodRunArmorLightRSD
000b5689,FSTPlayerWoodRunArmorLightLSD
000b5688,FSTPlayerStoneSolidSprintArmorLightRSD
000b5687,FSTPlayerStoneSolidSprintArmorLightLSD
000b5686,FSTPlayerStoneSolidRunArmorLightRSD
000b5685,FSTPlayerStoneSolidRunArmorLightLSD
000b5684,FSTPlayerGravelSprintArmorLightRSD
000b5683,FSTPlayerGravelSprintArmorLightLSD
000b5682,FSTPlayerGravelRunArmorLightRSD
000b5681,FSTPlayerGravelRunArmorLightLSD
000b5680,FSTPlayerGrassSprintArmorLightRSD
000b567f,FSTPlayerGrassSprintArmorLightLSD
000b567e,FSTPlayerGrassRunArmorLightRSD
000b567d,FSTPlayerGrassRunArmorLightLSD
000b567c,FSTPlayerDirtSprintArmorLightRSD
000b567b,FSTPlayerDirtSprintArmorLightLSD
000b567a,FSTPlayerDirtRunArmorLightRSD
000b5679,FSTPlayerDirtRunArmorLightLSD
000af664,FXMeleePunchLarge
000af63e,FXMeleePunchMedium
000af63a,PHYBoulderSmallDirtL
000af639,PHYBoulderSmallDirtH
000af226,NPCAtronachStormInjured
000ae768,NPCAtronachStormAttackB
000ae767,NPCAtronachStormAttackA
000ae766,NPCAtronachStormAttackPowerForward
000ae765,NPCAtronachStormAttackPowerForwardBombThunder2D
000ae764,NPCAtronachStormAttackPowerForwardBomb
000ade24,VOCShoutFXSlowTimeIn
000abf39,NPCAtronachStormDeathSD
000abf37,NPCAtronachStormConsciousLP
000abf34,MAGDestructionSprigganBugSprayFireLPM
000abef5,NPCKill1HMBandit
000abef4,UISkillNewShoutLearned
000abeee,UISkillsTransitionUp
000abdef,NPCWolfAttackB
000abdee,NPCWolfAttackA
000abde5,NPCSpiderFrostbiteExitHole
000aa81b,FSTPlayerStoneSolidSprintArmorHeavyRSD
000aa81a,FSTPlayerStoneSolidSprintArmorHeavyLSD
000aa819,FSTPlayerStoneSolidRunArmorHeavyRSD
000aa818,FSTPlayerStoneSolidRunArmorHeavyLSD
000aa817,FSTPlayerWoodSprintArmorHeavyRSD
000aa816,FSTPlayerWoodSprintArmorHeavyLSD
000aa815,FSTPlayerWoodRunArmorHeavyRSD
000aa814,FSTPlayerWoodRunArmorHeavyLSD
000aa813,FSTPlayerGravelSprintArmorHeavyRSD
000aa812,FSTPlayerGravelSprintArmorHeavyLSD
000aa811,FSTPlayerGravelRunArmorHeavyRSD
000aa810,FSTPlayerGravelRunArmorHeavyLSD
000aa80f,FSTPlayerGrassSprintArmorHeavyRSD
000aa80e,FSTPlayerGrassSprintArmorHeavyLSD
000aa80d,FSTPlayerGrassRunArmorHeavyRSD
000aa80c,FSTPlayerGrassRunArmorHeavyLSD
000aa80a,AMBrRumbleTundraVolcanicRocks
000aa809,AMBrRumbleTundraVolcanic
000aa808,AMBWaterTundraVolcanicPoolsLPSD
000a956d,FXMeleeBiteMedium
000a920b,NPCSprigganInjured
000a920a,NPCSprigganDeath
000a9201,NPCSprigganFootWalkR
000a9200,NPCSprigganFootWalkL
000a91fe,NPCSprigganConsciousLP
000a91fd,NPCWolfInjured
000a85c8,NPCWolfDeath
000a85c6,NPCWolfConsciousLP
000a84aa,NPCKill1HMDraugrB
000a84a9,NPCKill1HMDraugrA
000a7ea8,NPCDragonFlightRoarObstructedSD
000a5014,DRScBodyCreatureCloseSD
000a5013,DRScBodyCreatureOpenSD
000a28c4,VOCShoutFXElementalFuryOn
000a0f54,VOCShoutFXUnrelentingForceThunderC
000a0f53,VOCShoutFXUnrelentingForceThunderB
000a0f52,VOCShoutFXUnrelentingForceThunderA
000a0d90,QSTWindHrothgarPushback
000a0872,VOCShoutImpactThrowVoiceSD
0009e573,NPCKillSabreCat1HMSword
0009e1b8,VOCShoutPowerClearSkiesMale03
0009e1b7,VOCShoutPowerClearSkiesMale02
0009e1b6,VOCShoutPowerClearSkiesMale01b
0009e1b5,VOCShoutPowerClearSkiesMale01a
0009ce5b,NPCKill1HMC
0009ce5a,NPCKill1HMB
0009ce59,NPCKill1HMA
0009ce58,VOCShoutFXBecomeEtherealIn2D
0009cb61,NPCHumanDrink
00096805,NPCHumanEat
00096449,PHYBodyMetalSmallL
00096448,PHYBodyMetalSmallH
00093af6,NPCDwarvenSpiderDeath
00093af5,NPCDwarvenSpiderMovementLPMSD
00093af3,NPCDwarvenSpiderInjured
00092f1f,NPCDwarvenSpiderFootDirtRSD
00092f1e,NPCDwarvenSpiderFootDirtLSD
00092c90,FXMeleeMetalImpactLargeFlesh
0009173f,AMBWindloopMountainsCLPSD
0009150d,PHYBodyMetalLargeL
0009150c,PHYBodyMetalLargeH
0009150a,NPCDwarvenCenturionDeath
00091508,NPCDwarvenCenturionInjured
0009035c,NPCDwarvenSpiderConsciousLP
0008fc19,AMBrInsectsForestFallCicadas2DayLP
0008fc18,AMBrInsectsForestFallCicadasBed2DayLP
0008fc17,AMBrInsectsForestFallCicadasBed1MorningLP
0008fc16,AMBrInsectsForestFallCicadas1MorningALP
0008f95d,AMBWindloopMountainsHills01LPSD
0008f95c,NPCDwarvenCenturionAttackBash
0008f3f8,MAGDestructionFireCharge500
0008f3e7,MAGDestructionFireStormExplosion
0008f3e2,AMBrInsectsForestPineCicadas2DayA
0008f3e1,AMBrInsectsForestPineCicadasBed2DayLP
0008f3e0,AMBrInsectsForestPineCicadasBed1MorningLP
0008f3df,AMBrInsectsForestPineCicadas1MorningA
0008f3de,AMBrWindForestFallGustB01
0008f3dd,AMBrWindForestFallGustA01
0008e852,NPCDwarvenCenturionRecoil
0008e851,NPCDwarvenCenturionHibernateExit
0008e850,NPCDwarvenCenturionEquip
0008e84f,NPCDwarvenCenturionAttackStab
0008e84e,NPCDwarvenCenturionAttackSlash
0008e84d,NPCDwarvenCenturionAttackChop
0008e84c,NPCDwarvenCenturionAttackBack
0008e84b,NPCDwarvenCenturionAttackPowerForward
0008e5e8,NPCDwarvenCenturionAttackPowerForwardRush
0008d5f8,AMBrBirdsForestFall3NightK01
0008d5f6,AMBrBirdsForestFall3NightH01
0008d5f4,AMBrBirdsForestFall3NightD01
0008d5f2,AMBrBirdsForestFall2DayL01SD
0008d5f0,AMBrBirdsForestFall2DayK01SD
0008d5ee,AMBrBirdsForestFall2DayJ01SD
0008d5ec,AMBrBirdsForestFall2DayF01SD
0008d5ea,AMBrBirdsForestFall2DayC01SD
0008d5e8,AMBrBirdsForestFall2DayB01SD
0008d5e6,AMBrBirdsForestFall2DayA01SD
0008d5e4,AMBrBirdsForestFall1MorningF01
0008d5e2,AMBrBirdsForestFall1MorningB01
0008d5e1,AMBrWindBedForestFallLPSD
0008d5e0,AMBrCricketsForestPineELPSD
0008d5df,AMBrCricketsForestPineDLPSD
0008d5dd,AMBrBirdsForestPine3NightH01SD
0008cf7c,AMBrBirdsForestPine2DayW01SD
0008cf7a,AMBrBirdsForestPine2DayT01SD
0008cf78,AMBrBirdsForestPine2DayS01SD
0008cf76,AMBrBirdsForestPine2DayK01SD
0008cf74,AMBrBirdsForestPine2DayI01SD
0008cf72,AMBrBirdsForestPine1MorningV01SD
0008cf70,AMBrBirdsForestPine1MorningU01SD
0008cf6e,AMBrBirdsForestPine1MorningR01SD
0008cf6c,NPCDwarvenCenturionConsciousLP
0008bbc6,TRPOilLampBreak
0008af3e,AMBCobwebBreak
0008ad79,NPCBearAttackTurn
0008ad5c,NPCBearAttackForward
0008ad5b,NPCBearAttack
0008a3c1,NPCBearFootBack
0008a3c0,NPCBearFootFront
0008a3bf,NPCBearDeath
0008a3be,NPCBearInjured
0008a3bd,NPCBearConsciousLP
00089ef8,NPCDwarvenSpherePortExitB
00089ef7,NPCDwarvenSpherePortExitA
0008851d,NPCDwarvenSphereEquip
00088519,NPCDwarvenSphereRecoil
00088518,NPCDwarvenSphereStaggerMedium
00088517,NPCDwarvenSphereStaggerLight
00088516,NPCDwarvenSphereStaggerHeavy
00087f94,DRScTreasureDraugrSmallCloseSD
00087f84,DRScTreasureDraugrSmallOpenSD
000879b4,NPCHumanSweepB
000879b0,NPCHumanSweepA
0007f45d,DRSDrawbridgeDoorOpen
0007f459,DRSDrawbridgeChainsOpen
0007f422,FSTPlayerGravelSprintRSD
0007f421,FSTPlayerGravelSprintLSD
0007f420,FSTPlayerGravelRunRSD
0007f41f,FSTPlayerGravelRunLSD
0007f41e,FSTPlayerGravelWalkRSD
0007f41d,FSTPlayerGravelWalkLSD
0007f41c,FSTPlayerWoodSprintRSD
0007f41b,FSTPlayerWoodSprintLSD
0007f41a,FSTPlayerWoodRunRSD
0007f419,FSTPlayerWoodRunLSD
0007f418,FSTPlayerWoodWalkRSD
0007f417,FSTPlayerWoodWalkLSD
00077c01,UIJournalClose
00077c00,UIJournalOpen
00071fdb,FSTGravelJumpUpSD
00071ae5,FSTSnowJumpUpSD
00071ae3,FSTWoodJumpUpSD
00071ae2,UIJournalTabsSD
0006cb4e,NPCSpiderFrostbiteSpitProjectile
0006cb4d,NPCSpiderFrostbiteSpitImpact
0006a165,MAGIllusionInvisibilityOutMonoSD
0006a162,FSTStoneSolidJumpDownSD
0006a161,FSTStoneSolidJumpUpSD
0006a15f,FSTGrassJumpUpSD
0006a15d,FSTDirtJumpUpSD
0006636b,FSTWoodJumpDownSD
00066369,FSTPlayerStoneSolidSprintRSD
00066368,FSTPlayerStoneSolidSprintLSD
00060dce,FSTPlayerStoneSolidRunRSD
00060dc7,FSTPlayerStoneSolidRunLSD
00060dc6,FSTPlayerStoneSolidWalkRSD
00060dc5,FSTPlayerStoneSolidWalkLSD
00060dbd,PHYBodyDragonDirtH
0005a28c,PHYBodySmallL
0005a28b,PHYBodySmallH
0005a284,PHYBodyMediumDirtL
0005a283,PHYBodyMediumDirtH
0005096d,NPCKill1HMD
0004e97f,FSTSwimTread
0004e97c,FSTSwimSwim
00042526,TRPOilIgniteLowSD
0004251d,TRPOilIgniteHighSD
0003ea9c,TRPRockfallReleaseSD
0003ea9b,TRPRockfallChuteReleaseSD
0003ea97,PHYBoulderMediumBoulderLSD
0003ea96,PHYBoulderMediumBoulderHSD
0003ea95,PHYBoulderMediumDirtHSD
0003ea93,PHYBoulderLargeBoulderHSD
00030401,NPCConjurePortalOpen2DSD
00030400,NPCConjurePortalClose2DSD
00023f0e,DRSLockedSD
00023f0d,TRPRockfallChuteCloseSD
00023f0c,TRPRockfallChuteOpenA
000876e8,PHYBoulderMediumDirtLSD
000876b4,PHYBoulderLargeDirtLSD
000876b3,PHYBoulderLargeDirtHSD
00087590,NPCMammothFootWalkBack
0008758f,NPCMammothFootWalkFront
0008758e,FSTPlayerGrassWalkRSD
0008758d,FSTPlayerGrassWalkLSD
0008758c,FSTPlayerGrassSprintRSD
0008758b,FSTPlayerGrassSprintLSD
0008758a,FSTPlayerGrassRunRSD
00087589,FSTPlayerGrassRunLSD
00087588,MAGIllusionCharge500SD
00086efe,MAGConjurePortalClose2DSD
00086efd,MAGConjurePortalOpen2DSD
00086efc,MAGRestorationCharge050SD
00086ef0,NPCDwarvenCenturionFootWalkRSD
00086eef,NPCDwarvenCenturionFootWalkLSD
0008691d,ITMBookPageTurnBackwardSD
00086919,FSTPlayerDirtSprintArmorHeavyRSD
00086918,FSTPlayerDirtSprintArmorHeavyLSD
00086917,FSTPlayerDirtRunArmorHeavyRSD
00086916,FSTPlayerDirtRunArmorHeavyLSD
00086915,FSTPlayerDirtSprintRSD
00086914,FSTPlayerDirtSprintLSD
00086913,FSTPlayerDirtRunRSD
00086912,FSTPlayerDirtRunLSD
00086911,FSTPlayerDirtWalkRSD
00086910,FSTPlayerDirtWalkLSD
00081971,MAGIllusionCharmHitSD
0008196f,MAGGenericProjectileImpactDistantSD
0008196e,MAGGenericProjectileImpactSD
0008196d,MAGIllusionReleaseAimedSD
0008196c,MAGIllusionCharge100SD
00081189,MAGAlterationDetectLifeCast2DLPM
00081187,AMBrCricketsForestPineC01SD
00081186,AMBrCricketsForestPineALPSD
0007f80d,AMBrBirdsForestPine1MorningA01SD
0007edc8,AMBrBirdsForestPineDayLoop2DLPSD
0007ea3c,ITMBookPageTurnForwardSD
0007ea3b,ITMBookCloseSD
0007ea3a,ITMBookOpenSD
0007ea38,FXUndeadTurnedLPSD
0007ea37,VOCShoutFXDragonrendReleaseSD
0007e5db,VOCShoutFXFrostbreathCastLPMSD
0007e5da,VOCShoutFXFrostbreathRelease2DSD
0007e5c1,MAGIllusionInvisibilityInMonoSD
0007d014,MAGAlterationReleaseSD
0007d013,MAGAlterationCastLPMSD
0007c726,NPCElkDeathSD
0007c725,NPCElkInjuredSD
0007c721,MAGIllusionNightEyeOffSD
0007c720,MAGIllusionReadyLPSD
0007c71f,MAGIllusionChargeSD
0007bbae,MAGIllusionReleaseSelfSD
0007bbad,MAGIllusionNightEyeOnSD
0007bbab,MAGIllusionDrawSheatheLPMSD
0007a738,NPCDwarvenSpiderFootRSD
0007a737,NPCDwarvenSpiderFootLSD
0007a734,NPCDwarvenSphereDeathSD
0007a730,NPCDwarvenSphereInjuredSD
00078f1f,NPCElkFootWalkFrontSD
00078f1e,NPCElkFootWalkBackSD
00077250,NPCHorseFootSprintFrontSD
0007724f,NPCHorseFootSprintBackSD
0007724e,NPCHorseFootRunFrontSD
0007724d,NPCHorseFootRunBackSD
0007717d,NPCHorseDismountSD
0007717c,NPCHorseMountSD
00076b5b,NPCDwarvenSphereIdleCombatBSD
00076b5a,NPCDwarvenSphereIdleCombatASD
000703ca,NPCDwarvenSphereCloseSD
000703c8,NPCDwarvenSphereOpenSD
0006dd51,OBJSawMillSawMoveStop
0006dd50,OBJSawMillSawMoveStart
0006d2d2,OBJSawMillRunLPM
0006d298,OBJSawMillForkReturnLPM
0006d297,OBJSawMillForkPushLPM
0006d296,OBJSawMillSawMoveUp
0006d295,OBJSawMillSawMoveDown
0006ce23,NPCDwarvenSphereMovementLPMSD
0006cc6f,UISkillsFocusSD
0006cc5c,UISkillsGlowSD
00064409,UISkillsPerkSelectBSD
000643fe,UISkillsPerkSelectASD
000605d3,WPNAxe2HandSheatheSD
0006036a,WPNAxe2HandDrawSD
0005afc9,DRSWoodImperialDouble01OpenSD
0005afc8,DRSWoodImperialDouble01CloseSD
0005afc7,DRSWoodImperialSingle01CloseSD
0005afc6,DRSWoodImperialSingle01OpenSD
00059e60,OBJSawMillLoad03Drop
00059e5d,OBJSawMillLoad02Hoist
00059e5c,OBJSawMillLoad01Hook
00053a5e,MAGAlterationTelekinesisThrowSD
00053a5d,MAGAlterationTelekinesisGrabSD
0004c72c,OBJSawMillSawCutUp
0004c72b,OBJSawMillSawCutDown
0004bc6e,DRSDwemerSmall01CloseSD
0004b70f,DRSDwemerSmall01OpenSD
00040142,DRSDwemerLarge01CloseSD
0004013f,DRSDwemerLarge01OpenSD
0004013d,NPCHumanBladeGrindPedalLPSD
0006d937,NPCHumanBladeGrindLPMSD
0006d1c6,UIActivateFail
0006d1c3,NPCDragonDeathFX2DSD
0006ccb9,NPCDragonDeathSD
0006ae35,NPCFalmerAttackPowerSD
0006ae34,NPCFalmerAttackSD
0006abd5,NPCGiantDeath
0006cb40,NPCGiantAttackStompSD
0006c3ce,NPCGiantAttackSwipeSD
0006c3cb,NPCGiantAttackClub02SD
0006c3ca,NPCGiantAttackClub01SD
0006c391,NPCHumanWoodPlaceSD
0006c390,NPCHumanWoodChopSD
0006b959,NPCFalmerInjuredSD
0006b460,UIFavorite
00067978,NPCFalmerBreatheLPSD
00067599,NPCFalmerDeathSD
00067593,NPCTrollCombatIdleFlailSD
000674bf,NPCTrollCombatIdleIntimidateSD
00067186,NPCTrollCombatIdleRoarSD
00064118,TRPSwingGrateRetractLPMSD
00064117,TRPSwingGrateSwingLPMSD
000639a5,MAGRuneImpactSD
000639a4,MAGRuneCastSD
0006399d,NPCChaurusDeathSD
00063222,NPCChaurusAttackSD
0005f721,AMBWeatherRainInteriorLPSD
0005f717,NPCHorseFootWalkFrontSD
0005f716,NPCHorseFootWalkBackSD
0005c303,NPCCharusBreatheLPSD
0005894f,NPCAtronachFrostAttackPowerImpact2DSD
000581db,NPCAtronachFrostAttackPowerImpactSD
00057b4f,NPCAtronachFrostAttackPower02BSD
00057b4e,NPCAtronachFrostAttackPower02ASD
00057b44,UILevelUpSD
0005318a,AMBCivilWarBattleStartSD
00053187,AMBCivilWarBattleTest2DLPSD
0005317b,NPCAtronachFrostAttackPower01BSD
0005317a,NPCAtronachFrostAttackPower01ASD
0004f84d,NPCHumanCombatTorchBashPowerSD
0004e845,NPCAtronachFrostDeathSD
00044011,NPCCharusFootWalkFrontSD
00044010,NPCCharusFootWalkBackSD
00044004,NPCFalmerFootWalkRSD
00044003,NPCFalmerFootWalkLSD
00036883,NPCAtronachFrostAttackSD
0002399d,FXMeleeBiteSmallSD
00023992,FXExplosionIceSD
0002398a,WPNImpactBladeVsIceSD
0002133b,PHYCoinLSD
0002133a,PHYCoinHSD
000607dd,NPCIceWraithAttackWindupBSD
000607dc,NPCIceWraithAttackWindupASD
000604e9,UISkillsStopSD
000604e8,UISkillsBackwardSD
000604e7,UISkillsForwardSD
0005ed6d,NPCAtronachFrostBreatheLPSD
0005de1e,NPCIceWraithFootWalkSD
0005dd82,NPCAtronachFrostFootWalkLSD
0005dd7b,NPCAtronachFrostFootWalkRSD
0005cc67,NPCDragonDeathAnimSD
0005cc65,NPCHumanCombatTorchBashSD
0005b37b,NPCDogBarkDistantSD
0005b37a,NPCDogBarkSD
0005a6fa,VOCShoutImpactPushImpactDragonSD
0005a6f6,VOCShoutFXElementalFuryEnchantmentLPSD
0005a018,MAGAlterationLightDrawSheatheLPMSD
0005a017,MAGLightDrawSheatheLPMSD
0005a014,DRSPortcullisGateCloseSD
0005a011,DRSPortcullisGateOpenSD
00058e2e,MAGShockConcentrationProjectileLPSD
00058e10,MAGIllusionInvisibilityOutSD
00058e0e,MAGIllusionnInvisibilityInSD
00057f93,UIMenuInactiveSD
00057f92,UIQuestActive
00057c6c,MAGShockConcentrationBoltSD
00057c65,MAGRestorationTurnUndeadFire2DSD
00057c63,MAGRestorationTurnUndeadProjectileSD
00057c61,MAGRestorationConcentrationFire2DSD
000571b2,MAGAlterationIronFleshFireSD
00056ac5,MAGMysticismSoulTrapCaptureSD
00056ac3,MAGMysticismSoulTrapActiveLPSD
00056623,MAGRestorationCircleOfProtection2DLPSD
00056622,MAGRestorationChargeSD
00055fbb,NPCCowTailSwingSD
00055abb,NPCCowChewCudSD
00055871,FXDustASD
0005586b,NPCDragonInjuredFlightSD
0005300d,NPCDragonDeathSequenceSmolderLPMSD
0005300c,NPCDragonDeathSequenceFireLPMSD
0005300b,NPCDragonDeathSequenceWindSD
0005300a,NPCDragonDeathSequenceExplosionSD
0005221a,PHYArrowHSD
0004dbab,ITMIngredientMeatUp
0003cc09,ITMIngredientDigUp
000314b3,NPCGiantFootDistantRSD
00031389,NPCGiantFootDistantLSD
00021706,QSTWordWallGlowLPSD
00021705,QSTWordWallWhisper2DLPSD
0005228e,NPCKillS1CASD
0005228d,NPCKillMPLASD
000519d5,ITMIngredientStemUp
000519d1,ITMIngredientStemDown
000517c9,ITMIngredientBushUp
000517c8,ITMIngredientBushDown
00051787,PHYBottleSmallLSD
00051786,PHYBottleSmallHSD
000513ed,NPCKillS1GASD
000513ec,NPCKillS1OASD
000513eb,NPCKillS1IASD
000513ea,NPCKillMKLASD
0005112a,DRSRuinsPuzzleRingTurnSD
00051129,DRSRuinsPuzzleKeyTurnSD
00051128,DRSRuinsPuzzleOpenLPMSD
00050db9,PHYBowsStavesLSD
00050db8,PHYBowsStavesHSD
00050af5,PHYPotsPansLSD
00050af4,PHYPotsPansHSD
000509f2,AMBrInsectsMarshCicadaSwellSD
000509ef,AMBrCricketsMarshNight07LPSD
000509ee,AMBrCricketsMarshNight06LPSD
000509ed,AMBrCricketsMarshNight05LPSD
000509ec,AMBrCricketsMarshNight04LPSD
000509eb,AMBrCricketsMarshNight03LPSD
000509ea,AMBrCricketsMarshNight02LPSD
000509e9,AMBrCricketsMarshNight01LPSD
000509e8,AMBrCricketsMarshDay09LPSD
000509e7,AMBrCricketsMarshDay08LPSD
000509e6,AMBrCricketsMarshDay07LPSD
000509e5,AMBrCricketsMarshDay06LPSD
000509e4,AMBrCricketsMarshDay05LPSD
000509e3,AMBrCricketsMarshDay04LPSD
000509e2,AMBrCricketsMarshDay03LPSD
000509e1,AMBrCricketsMarshDay02LPSD
000509e0,AMBrCricketsMarshDay01LPSD
000509de,AMBrBirdsMarsh3NightE01SD
000509dc,AMBrBirdsMarsh3NightD01SD
000509da,AMBrBirdsMarsh3NightC01SD
000509d8,AMBrBirdsMarsh3NightB01SD
000509d6,AMBrBirdsMarsh3NightA01SD
000509d4,AMBrBirdsMarsh2DayD01SD
000509d2,AMBrBirdsMarsh2DayC01SD
000509d0,AMBrBirdsMarsh2DayB01SD
000509ce,AMBrBirdsMarsh2DayA01SD
000509cc,AMBrBirdsMarsh1MorningB01SD
00050013,AMBrBirdsMarsh1MorningA01SD
0004fff9,AMBrCricketsMarshDay06LPSD2
0004fa3b,MAGWardDropSD
0004fa0b,NPCDogPantLPMSD
0004e865,NPCDogFootWalkFrontSD
0004e864,NPCDogFootWalkBackSD
0004e792,MAGConjurePortalSD
0004e210,MAGWardTestCastLPMSD
0004e206,NPCCowFootWalkBackSD
0004e205,NPCCowFootWalkFrontSD
0004daae,UIHealthHeartbeatBLPSD
0004daad,UIHealthHeartbeatALPSD
0004d2de,WPNImpactArrowVsShieldHeavySD
0004d2da,WPNImpactArrowVsShieldLightSD
0004d2c1,NPCIceWraithDeathSD
0004d2be,NPCIceWraithAttackSD
0004d2bb,NPCIceWraithBreatheLPSD
0004d2b7,PHYArrowLSD
0004d2af,PHYMaterialCeramicHSD
0004d2ac,PHYMaterialCeramicLSD
0004d2a4,NPCCowBreatheLPSD
00040d86,AMBrBirdsForestFall2DayZL01SD
00040d80,AMBrBirdsForestFall2DayZK01SD
00040d7a,AMBrBirdsForestFall2DayZJ01SD
00040d74,AMBrBirdsForestFall2DayZF01SD
00040d2e,AMBrBirdsForestFall2DayX01SD
00040b74,AMBrBirdsForestFall2DayW01SD
00040afe,AMBrBirdsForestFall2DayV01SD
00040af8,AMBrBirdsForestFall2DayU01SD
00040af0,AMBrBirdsForestFall2DayT01SD
00040aea,AMBrBirdsForestFall2DayI01SD
00040ae2,AMBrBirdsForestFall2DayH01SD
00040ad6,AMBrBirdsForestFall2DayG01SD
00040a60,AMBrBirdsForestFall1MorningZG01SD
000404f9,AMBrBirdsForestFall1MorningZD01SD
0004046b,AMBrBirdsForestFall1MorningZ01SD
00040465,AMBrBirdsForestFall1MorningY01SD
0004045f,AMBrBirdsForestFall1MorningS01SD
0004045d,DRSIronDoubleNordicMedium02OpenSD
00040453,DRSIronDoubleNordicMedium02CloseSD
0004044e,AMBrWindMountainHeavyLPSDa
00040445,PHYOrganicSmallLSD
00040437,PHYOrganicSmallHSD
00040435,AMBWindloopMountainsBLPSD
00040422,NPCHumanBlacksmithHammerDistantSD
00040410,NPCHumanBlacksmithHammerSD
00040404,VOCShoutTestSlowTime03SD
00040403,VOCShoutTestSlowTime02SD
00040402,VOCShoutTestSlowTime01bSD
00040401,VOCShoutTestSlowTime01aSD
000403ff,TRPBoneAlarmSD
000403fa,AMBrBirdsForestPine3NightOwlSD
00040357,AMBrCricketsIndividual01SD
0003ff8b,AMBrBirdsForestPine2DayZN01SD
0003fd2b,AMBrBirdsForestPine2DayZH01SD
0003fd0f,AMBrBirdsForestPine2DayZB01SD
0003fcff,AMBrBirdsForestPine2DayZA01SD
0003fcf3,AMBrBirdsForestPine2DayR01SD
0003fceb,AMBrBirdsForestPine2DayQ01SD
0003fce1,AMBrBirdsForestPine2DayP01SD
0003fc8e,AMBrBirdsForestPine2DayO01SD
0003fc88,AMBrBirdsForestPine2DayL01SD
0003fc82,AMBrBirdsForestPine2DayJ01SD
0003fc78,AMBrBirdsForestPine2DayD01SD
0003fc70,AMBrBirdsForestPine2DayC01SD
0003fc66,AMBrBirdsForestPine2DayB01SD
0003fc59,AMBrBirdsForestPine2DayA01SD
0003fc52,AMBrBirdsForestPine1MorningZE01SD
0003fc07,AMBrBirdsForestPine1MorningN01SD
0003fa30,AMBrBirdsForestPine1MorningM01SD
0003fa1c,AMBrBirdsForestPine1MorningK01SD
0003f953,AMBrBirdsForestPine1MorningF01SD
0003f8ce,AMBrBirdsForestPine1MorningC01SD
0003f8cd,DRScEggsackCloseSD
0003f8ca,DRScEggsackOpenSD
0003f8c4,NPCDraugrAlcoveExitBSD
0003f8bb,NPCDraugrAlcoveExitASD
0003f8b8,FXFireEmbers01ForgeLPSD
0003f869,NPCDragonPriestCoffinAppear
0003f80a,NPCDragonPriestCoffinOpen
0003f7bf,PHYMaterialAxe1HandLSD
0003f5e6,PHYMaterialAxe1HandHSD
0003f5d7,NPCDragonPriestInjuredSD
0003f594,VOCShoutFXSlowTimeOutSD
0003f593,VOCShoutFXSlowTimeActiveLPSD
0003f560,AMBrInsectsTundraDayC01SD
0003f531,AMBrInsectsTundraDayB01SD
0003f519,AMBrInsectsTundraDayA01SD
0003f416,AMBRCricketsTundraNight05LPSD
0003f414,AMBRCricketsTundraNight04LPSD
0003f412,AMBRCricketsTundraNight03LPSD
0003f410,AMBRCricketsTundraNight02LPSD
0003f40f,OBJBlacksmithForgeSD
0003f40d,AMBRCricketsTundraNight01LPSD
0003f405,AMBrWindTundraGustB01SD
0003f3fd,AMBrWindTundraGustA01SD
0003f3fc,AMBrWindBedTundraLPSD
0003f3fb,VOCShoutTestSprint03SD
0003f3fa,VOCShoutTestSprint02SD
0003f3f9,VOCShoutTestSprint01bSD
0003f3f8,VOCShoutTestSprint01aSD
0003f3f5,NPCDragonPriestDeathSD
0003f3f4,NPCDragonPriestBreatheLPSD
0003f3f1,NPCDragonAttackWingSD
0003f3ef,NPCDragonAttackBiteSD
0003f3ea,PHYGenericWoodMediumLSD
0003f3e5,PHYGenericWoodMediumHSD
0003f3e2,FXFireEmbers01LPSD
0003f3dd,PHYBottleLSD
0003f3d8,PHYBottleHSD
0003f3d7,VOCShoutFXSprintFireSD
0003f3d3,PHYGenericDirtMediumLSD
0003f3cf,PHYGenericDirtMediumHSD
0003f3cb,PHYGenericDirtLightLSD
0003f3c7,PHYGenericDirtLightHSD
0003f3c3,PHYGenericDirtHeavyLSD
0003f3bf,PHYGenericDirtHeavyHSD
0003f3bb,PHYGenericSnowMediumLSD
0003f3b7,PHYGenericSnowMediumHSD
0003f3b4,PHYGenericSnowLightLSD
0003f3b1,PHYGenericSnowLightHSD
0003f3ac,PHYGenericSnowHeavyLSD
0003f3a6,PHYGenericSnowHeavyHSD
0003f3a1,PHYGenericGrassLightLSD
0003f395,PHYGenericGrassLightHSD
0003f38f,PHYGenericGrassMediumLSD
0003f389,PHYGenericGrassMediumHSD
0003f385,PHYGenericGrassHeavyLSD
0003f381,PHYGenericGrassHeavyHSD
0003f37e,NPCSpiderFrostbiteAttackSpitSD
0003f37d,MAGLightReadyLPSD
0003f37c,MAGLightFireSD
0003f37b,MAGLightChargeSD
0003f37a,MAGAlterationDrawSheatheLPMSD
0003f379,NPCSpiderFrostbiteAttackBiteSD
0003f36f,AMBrDungeonFortCreaking01SD
0003f365,AMBtDungeonFortGeneric2DLPSD
0003f364,UITweenSelectSD
0003f363,MAGRestorationReadyLPSD
0003f361,MAGRestorationFFFireSD
0003f35f,NPCDragonFlightRoarSD
0003f35d,NPCDragonIdleSD
0003f35b,WPNBowZoomOutSD
0003f359,WPNBowZoomInSD
0003f355,PHYGenericWoodLightLSD
0003f350,PHYGenericWoodLightHSD
0003f34d,NPCSpiderFrostbiteAttackBSD
0003f34a,NPCSpiderFrostbiteAttackASD
0003f349,NPCSpiderFrostbiteBreatheLPSD
0003f347,NPCTrollIdleSD
0003f346,NPCTrollBreatheLPSD
0003f345,DRSIronNordicPortcullisGateLargeOpenSD
0003f342,DRSIronNordicPortcullisGateLargeCloseSD
0003f33c,NPCTrollAttackBSD
0003f336,NPCTrollAttackASD
0003f335,NPCDragonDisintegrateSD
0003f334,OBJNordicPuzzlePillarSD
0003f320,VOCShoutImpactPushSD
0003f30c,DRScTreasureLargeOpenSD
0003f305,DRScTreasureLargeCloseSD
0003f2f6,NPCTrollDeathSD
0003f2f1,NPCTrollFootBackSD
0003f2ec,NPCTrollFootFrontSD
0003f2eb,MAGFrostbiteFire2DSD
0003f2ea,MAGFireboltFire2DSD
0003f2e8,NPCSpiderFrostbiteDeathSD
0003f2e4,NPCSpiderFrostbiteFootRSD
0003f2e0,NPCSpiderFrostbiteFootLSD
0003f2df,MAGCloakFrostLPSD
0003f2dc,PHYArmorLightLSD
0003f2d9,PHYArmorLightHSD
0003f2d6,PHYArmorHeavyLSD
0003f2d3,PHYArmorHeavyHSD
0003f2d0,PHYBasketLSD
0003f2cd,PHYBasketHSD
0003f2ca,PHYMaterialBlade1HandOtherLSD
0003f2c7,PHYMaterialBlade1HandOtherHSD
0003f2c6,MAGCloakShockLPSD
0003f2c5,MAGCloakFireLPSD
0003f2c2,NPCDraugrInjuredSD
0003f2c1,MAGCloakDrawSheatheLPMSD
0003f2bf,UIMenuBladeCloseSD
0003f2bd,UIMenuBladeOpenSD
0003f2ba,NPCDraugrDeathSD
0003f2b9,DRSIronDoubleNordicCage01CloseSD
0003f2b8,DRSIronDoubleNordicCage01OpenSD
0003f2b4,WPNBowProjectileSD
0003f2b3,UIVATSCameraOutSD
0003f2b2,UIVATSCameraInSD
0003f2b1,MAGConjureFireSD
0003f2ab,UIInventorySlideSD
0003f293,UIInventoryOpenSD
0003f28d,DRSWoodDoubleLight01Close
0003f26a,MAGConjureImpactSD
0003f269,MAGConjureDrawSheatheLPMSD
0003f25a,MAGCloakOutSD
0003f248,NPCDragonInjuredSD
0003f246,NPCDragonAttackTailWhipSD
0003f23d,NPCDragonAttackTail2DSD
0003f23b,NPCDragonAttackTailSD
0003f20d,MAGShockImpactSD
0003f20c,MAGShockChargeSD
0003f209,WPNSwingBladeAxeSD
0003f208,MAGShockDrawSheatheLPMSD
0003f206,MAGShockFFFireSD
0003f205,MAGShockConcentrationFireLPMSD
0003f204,FXFireCampfireLPSD
0003f200,NPCDragonLandCrashShort2DSD
0003f1f4,NPCDragonLandCrashShortSD
0003f1f3,NPCDragonLandCrashLong2DSD
0003f1f2,NPCDragonLandCrashLongSD
0003f1f0,MAGIcicleReadyLPSD
0003efc0,MAGFlamesDragonImpactSD
0003ef56,MAGFlamesDragonFireLPMSD
0003ee0c,ITMGenericBookDownSD
0003edde,ITMGenericBookUpSD
0003edda,WPNImpactAxeLargeVsFleshSD
0003edd8,MAGIcicleImpactBreakSD
0003edd6,MAGIcicleImpactSD
0003edd5,MAGIcicleChargeSD
0003edd4,MAGCloakInSD
0003edd3,TRPBladeSwingWindupSD
0003edcd,TRPBladeSwingSwingSD
0003edc6,FXMeleeClawSmallVsFleshSD
0003edc5,FXFireEmbers02LPSD
0003edc3,FSTDirtScuffSD
0003edc0,ITMPotionDownSD
0003edbd,ITMPotionUpSD
0003ed78,ITMKeyDownSD
0003ed75,ITMKeyUpSD
0003ed71,FXMeleeDraugrSD
0003ec99,NPCDraugrAttackSD
0003ec96,NPCDragonFootWalkWingRSD
0003eb13,NPCDragonFootWalkWingLSD
0003eac6,MAGIcicleFire2DSD
0003ea7b,MAGIcicleFireSD
0003ea7a,OBJLeverNordic02ReturnSD
0003ea1c,OBJLeverNordic02PullSD
0003ea07,OBJLeverNordic01ReturnSD
0003e9ff,OBJLeverNordic01PullSD
0003e95a,TRPBatteringRamImpactSD
0003e959,TRPBatteringRamReleaseSD
0003e958,MAGRestorationConcentrationFireLPMSD
0003e957,MAGRestorationDrawSheatheLPMSD
0003e955,ITMGoldDownSD
0003e952,ITMGoldUpSD
0003e909,ITMClothingDownSD
0003e879,ITMClothingUpSD
0003e877,ITMArrowsDownSD
0003e7b7,ITMArrowsUpSD
0003e7b4,WPNBowNockSD
0003e7b3,DRSIronNordicPortcullisGateCloseSD
0003e7a2,DRSIronNordicPortcullisGateOpenSD
0003e764,FXFireBodyLPSD
0003e73f,FSTStoneStairsArmorLightRSD
0003e73b,FSTStoneStairsArmorLightLSD
0003e738,FSTStoneStairsArmorHeavyRSD
0003e735,FSTStoneStairsArmorHeavyLSD
0003e732,FSTWoodStairsArmorLightRSD
0003e72f,FSTWoodStairsArmorLightLSD
0003e72c,FSTWoodStairsArmorHeavyRSD
0003e729,FSTWoodStairsArmorHeavyLSD
0003e70e,FSTWoodStairsRSD
0003e703,FSTWoodStairsLSD
0003e6a4,FSTStoneStairsRSD
0003e68a,FSTStoneStairsLSD
0003e633,ITMGenericClothingUpSD
0003e62c,ITMGenericClothingDownSD
0003e60b,ITMGenericArmorDownSD
0003e609,ITMGenericArmorUpSD
0003e608,DRSIronDoubleNordicLarge01OpenSD
0003e607,DRSIronDoubleNordicLarge01CloseSD
0003e606,AMBrWindMountainHeavyLPSD
0003e602,AMBrWindMountainGustA
0003e600,NPCGiantFootWalkRSD
0003e5fe,NPCGiantFootWalkLSD
0003e5fb,DRScDrawerEndTableCloseSD
0003e5f8,DRScDrawerEndTableOpenSD
0003e5f6,DRScWardrobeCloseSD
0003e5f3,DRScWardrobeOpenSD
0003e5f0,DRScDrawerDresserCloseSD
0003e5ed,DRScDrawerDresserOpenSD
0003e5eb,NPCDragonLandSD
0003e5ea,XXXPlaceholderBeepSD
0003e5e9,XXXPlaceholderSilenceSD
0003e5e5,MAGFlamesImpactSD
0003e5e4,MAGFlamesFireLPMSD
0003e5e3,MAGFrostbiteDrawSheatheLPMSD
0003e5e2,DRSTrapShaftNordicCloseSD
0003e5e1,DRSTrapShaftNordicOpenSD
0003e5dd,AMBCobwebSD
0003e5d8,NPCDragonTakeoffFXSD
0003e5d6,AMBBatsSD
0003e5d4,AMBDustDropImpactSD
0003e5d0,AMBDustDropDebrisSD
0003e5cc,MAGFrostBiteImpactSD
0003e5cb,MAGFrostBiteFireLPMSD
0003e5c8,NPCHumanCombatShieldBashPowerSD
0003e5c2,FSTPlayerWoodBarefootWalkRSD
0003e5bd,FSTPlayerWoodBarefootWalkLSD
0003e5ba,FSTStoneBarefootWalkRSD
0003e5b7,FSTStoneBarefootWalkLSD
0003e5a3,AMBWaterfallSplatterMediumSD
0003e4b2,NPCDraugrAwareSD
0003e491,NPCDragonFlybySD
0003e490,AMBWaterDripsSplashLPSD
0003e48d,AMBWaterfallLargeDungeonLPSD
0003e48c,AMBWaterfallLargeDistant70002DLPSD
0003e489,AMBWaterfallSmallDungeonLPSD
0003e486,AMBWaterfallSplatterLargeSD
0003e482,FSTIceSprintRSD
0003e47e,FSTPlayerIceSprintLSD
0003e47a,FSTPlayerIceRunRSD
0003e447,FSTPlayerIceRunLSD
0003e3f7,FSTPlayerIceWalkRSD
0003e3ed,FSTPlayerIceWalkLSD
0003e3e9,FSTWoodWalkArmorHeavyRSD
0003e3e1,FSTWoodWalkArmorHeavyLSD
0003e3dd,FSTWoodSprintArmorHeavyRSD
0003e3d9,FSTWoodSprintArmorHeavyLSD
0003e3d5,FSTWoodRunArmorHeavyRSD
0003e3d1,FSTWoodRunArmorHeavyLSD
0003e3cd,FSTSnowWalkArmorHeavyRSD
0003e3c8,FSTSnowWalkArmorHeavyLSD
0003e3c4,FSTSnowSprintArmorHeavyRSD
0003e3c0,FSTSnowSprintArmorHeavyLSD
0003e3bc,FSTSnowRunArmorHeavyRSD
0003e3b8,FSTSnowRunArmorHeavyLSD
0003e3b4,FSTGravelWalkArmorHeavyRSD
0003e3b0,FSTGravelWalkArmorHeavyLSD
0003e3ac,FSTGravelSprintArmorHeavyRSD
0003e3a8,FSTGravelSprintArmorHeavyLSD
0003e2ca,FSTGravelRunArmorHeavyRSD
0003e112,FSTGravelRunArmorHeavyLSD
0003e0f4,FSTGrassWalkArmorHeavyRSD
0003e0d6,FSTGrassWalkArmorHeavyLSD
0003e08b,FSTGrassSprintArmorHeavyRSD
0003dfd9,FSTGrassSprintArmorHeavyLSD
0003dfce,FSTGrassRunArmorHeavyRSD
0003df90,FSTGrassRunArmorHeavyLSD
0003df10,FSTStoneWalkArmorHeavyRSD
0003ded9,FSTStoneWalkArmorHeavyLSD
0003ded5,FSTStoneSprintArmorHeavyRSD
0003de4b,FSTStoneSprintArmorHeavyLSD
0003de45,FSTStoneRunArmorHeavyRSD
0003de3c,FSTStoneRunArmorHeavyLSD
0003de39,DRScBodyNPCCloseSD
0003de35,DRScBodyNPCOpenSD
0003de31,UIMapRollover
0003de2d,WPNStaffHandSheatheSD
0003de2c,WPNStaffHandDrawSD
0003de2b,WPNMace1HandSheatheSD
0003de2a,WPNMace1HandDrawSD
0003de25,NPCHumanCombatShieldRelease
0003de22,NPCHumanCombatShieldBlockSD
0003de1f,AMBWaterfallMediumDungeonLPSD
0003ddfc,AMBWaterfallLargeDistant2DLPSD
0003ddd2,AMBWaterfallMediumLPSD
0003ddc5,AMBrDungeonCatacombsShakingSD
0003ddc0,AMBrDungeonIceCrumbleLargeSD
0003ddbc,AMBrDungeonIceCrumbleSD
0003ddb9,DRSWoodDoubleLight01Open
0003ddb8,WPNAxe1HandSheatheSD
0003ddb7,WPNAxe1HandDrawSD
0003dae8,WPNBowFireSD
0003d9af,WPNBowPullLPMSD
0003d882,WPNBowSheatheSD
0003d78c,WPNBowDrawSD
0003d6c9,QSTHagsEndHarpLPSD
0003d6c5,AMBWaterStreamFallsLPSD
0003d6bc,TRPMaceReleaseSD
0003d6b8,FSTWoodWalkArmorLightRSD
0003d689,FSTWoodWalkArmorLightLSD
0003d672,FSTWoodSprintArmorLightRSD
0003d63e,FSTWoodSprintArmorLightLSD
0003d5bc,FSTWoodRunArmorLightRSD
0003d5b8,FSTWoodRunArmorLightLSD
0003d5b4,FSTStoneWalkArmorLightRSD
0003d5b0,FSTStoneWalkArmorLightLSD
0003d4aa,FSTStoneSprintArmorLightRSD
0003d4a6,FSTStoneSprintArmorLightLSD
0003d48f,FSTStoneRunArmorLightRSD
0003d48b,FSTStoneRunArmorLightLSD
0003d487,FSTSnowWalkArmorLightRSD
0003d482,FSTSnowWalkArmorLightLSD
0003d47e,FSTSnowSprintArmorLightRSD
0003d475,FSTSnowSprintArmorLightLSD
0003d444,FSTSnowRunArmorLightRSD
0003d42d,FSTSnowRunArmorLightLSD
0003d417,FSTGravelWalkArmorLightRSD
0003d411,FSTGravelWalkArmorLightLSD
0003d40d,FSTGravelSprintArmorLightRSD
0003d3e8,FSTGravelSprintArmorLightLSD
0003d2a0,FSTGravelRunArmorLightRSD
0003d23e,FSTGravelRunArmorLightLSD
0003d1f5,FSTGrassWalkArmorLightRSD
0003d152,FSTGrassWalkArmorLightLSD
0003d13d,FSTGrassSprintArmorLightRSD
0003d139,FSTGrassSprintArmorLightLSD
0003d135,FSTGrassRunArmorLightRSD
0003d131,FSTGrassRunArmorLightLSD
0003d130,VOCShoutDragonTestFireBreath03LPMSD
0003d12f,VOCShoutDragonTestFireBreath02SD
0003d12e,VOCShoutDragonTestFireBreath01bSD
0003d12d,VOCShoutDragonTestFireBreath01aSD
0003d128,PHYChainSD
0003d127,UIQuestComplete
0003d122,NPCDragonWingFlapTakeoffSD
0003d121,DRSIronDoubleNordicMedium01CloseSD
0003d120,DRSIronDoubleNordicMedium01OpenSD
0003d11c,FXFireSconceMediumLPSD
0003d11b,MAGWardTestDeflectSD
0003d11a,MAGWardTestBreakSD
0003d119,MAGWardTestAbsorbSD
0003d118,MAGWardTestCastSD
0003d117,MAGWardTestCastLPSD
0003d116,MAGWardTestDrawSheatheLPMSD
0003d111,FSTDirtSprintArmorHeavyRSD
0003d10d,FSTDirtSprintArmorHeavyLSD
0003d108,FSTDirtSprintArmorLightRSD
0003d104,FSTDirtSprintArmorLightLSD
0003d0f8,FSTWoodSprintRSD
0003d0f4,FSTWoodSprintLSD
0003d0f0,FSTStoneSprintRSD
0003d0ec,FSTStoneSprintLSD
0003d0e8,FSTSnowSprintRSD
0003d0e4,FSTSnowSprintLSD
0003d0e0,FSTGravelSprintRSD
0003d0dc,FSTGravelSprintLSD
0003d0d8,FSTGrassSprintRSD
0003d0d4,FSTGrassSprintLSD
0003d0d3,MAGFailSD
0003d0d1,AMBWindloopMountainsALPSD
0003d0cc,AMBrDungeonCatacombsCrackingSD
0003d0c7,FSTDirtWalkArmorLightRSD
0003d0c3,FSTDirtWalkArmorLightLSD
0003d0be,FSTDirtWalkArmorHeavyRSD
0003d0ba,FSTDirtWalkArmorHeavyLSD
0003d0b5,FSTDirtRunArmorHeavyRSD
0003d0b1,FSTDirtRunArmorHeavyLSD
0003d0ac,FSTDirtRunArmorLightRSD
0003d0a8,FSTDirtRunArmorLightLSD
0003d0a7,AMBWaterStream01LPSD
0003d0a4,NPCSabreCatDeathSD
0003d0a0,NPCSabreCatInjuredSD
0003d09f,AMBWeatherRainLightLPSD
0003d09e,AMBWeatherRainMediumLPSD
0003d09d,AMBWeatherRainHeavyLPSD
0003d09a,FXMeleeClawMediumVsFleshSD
0003d097,NPCSkeeverDeathSD
0003d093,NPCSkeeverInjuredSD
0003d08f,NPCSkeeverAttackSD
0003cede,NPCSabreCatAttackSD
0003cedb,WPNBlade1HandSmallSheatheSD
0003ced9,WPNBlade1HandSmallDrawSD
0003cec2,PHYGenericMetalLightLSD
0003ce5a,PHYGenericMetalLightHSD
0003ce38,PHYDishWoodLSD
0003ce00,NPCDragonWingFlapSD
0003cdff,NPCDragonBreatheLPSD
0003cdf1,NPCDragonFootWalkRSD
0003cdeb,NPCDragonFootWalkLSD
0003cdea,OBJTorchBurnLPSD
0003cde7,AMBDungeonWindDoorLPSD
0003cde4,AMBtDungeonCatacombsSemiExterior2DLPSD
0003cde0,DRScUrnLargeOpenSD
0003cd15,DRScUrnLargeCloseSD
0003cd0d,DRScCanopicJarCloseSD
0003ccf7,DRScCanopicJarOpenSD
0003ccf4,NPCSkeeverFootWalkBackSD
0003ccee,NPCSkeeverFootWalkFrontSD
0003ccea,AMBWaterwheelLPSD
0003cc33,TRPTripwireSD
0003cbce,FSTWoodWalkRSD
0003caad,FSTWoodWalkLSD
0003c97f,FSTWoodSneakRSD
0003c92b,FSTWoodSneakLSD
0003c927,FSTWoodRunRSD
0003c923,FSTWoodRunLSD
0003c91d,FSTStoneSneakRSD
0003c91a,FSTStoneSneakLSD
0003c916,FSTStoneWalkRSD
0003c912,FSTStoneWalkLSD
0003c90e,FSTStoneRunRSD
0003c90a,FSTStoneRunLSD
0003c907,FSTStoneJumpDownSD
0003c904,NPCDraugrFootWalkRSD
0003c901,NPCDraugrFootWalkLSD
0003c8fe,MAGFireboltProjectileSD
0003c8fc,MAGFireboltImpactSD
0003c8fb,MAGFirebolt03FireSD
0003c8fa,MAGFirebolt02ReadyLPSD
0003c8f9,MAGFirebolt01ChargeSD
0003c8f8,MAGFireboltDrawSheatheLPMSD
0003c8f7,AMBRumbleCLPSD
0003c8f6,AMBRumbleBLPSD
0003c8f5,AMBRumbleALPSD
0003c8f2,AMBWaterfallSmallLPSD
0003c8ef,AMBWaterfallLargeLPSD
0003c8ee,AMBWaterfallLargeDistantLPSD
0003c8ed,AMBtDungeonCatacombsGeneric2DLPSD
0003c8ea,DRScTreasureCloseSD
0003c8e7,DRScTreasureOpenSD
0003c8e3,FSTSnowSneakRSD
0003c8df,FSTSnowSneakLSD
0003c8da,FSTSnowWalkRSD
0003c8d5,FSTSnowWalkLSD
0003c8d1,FSTSnowRunRSD
0003c8cd,FSTSnowRunLSD
0003c8ca,FSTSnowJumpDownSD
0003c8c6,FSTGravelSneakLSD
0003c8c2,FSTGravelSneakRSD
0003c8be,FSTGravelWalkRSD
0003c8ba,FSTGravelWalkLSD
0003c8b6,FSTGravelRunRSD
0003c8b2,FSTGravelRunLSD
0003c8af,FSTGravelJumpDownSD
0003c8ae,tstLoopStereoLPMSD
0003c8ad,tstLoopStereoLPSD
0003c8ac,tstLoopMonoLPMSD
0003c8ab,tstLoopMonoLPSD
0003c8aa,WPNBlade2HandSheatheSD
0003c8a9,WPNBlade2HandDrawSD
0003c8a6,NPCHumanCombatShieldBashSD
0003c8a2,AMBrDungeonCaveCrumbleSD
0003c89f,AMBrDungeonCaveWindGustSD
0003c89e,AMBDungeonCaveWindRadius2DLPSD
0003c89d,AMBDungeonCaveDripsC2DLPSD
0003c89c,AMBDungeonCaveDripsB2DLPSD
0003c89b,AMBDungeonCaveDripsA2DLPSD
0003c898,AMBDungeonCaveDripBLPSD
0003c895,AMBDungeonCaveDripALPSD
0003c894,AMBtDungeonCaveGeneric2DLPSD
0003c891,AMBrWindGenericBSD
0003c88e,AMBrWindGenericASD
0003c88d,NPCSabreCatBreatheLPSD
0003c884,NPCSabreCatFootWalkBackSD
0003c879,NPCSabreCatFootWalkFrontSD
0003c876,DRScCrateCloseSD
0003c873,DRScCrateOpenSD
0003c870,DRScBarrelCloseSD
0003c86d,DRScBarrelOpenSD
0003c86c,VOCShoutProjectilePush03SD
0003c86b,VOCShoutProjectilePush02SD
0003c867,WPNBlockBowVsOtherSD
0003c864,WPNBashBowSD
0003c861,WPNBashAxeSD
0003c85e,WPNBashBluntSD
0003c85a,WPNBlockBlunt1HandVsOtherSD
0003c856,WPNBlockAxeVsOtherSD
0003c852,WPNImpactArrowVsWoodSD
0003c84e,WPNImpactArrowBounceSD
0003c849,WPNImpactArrowVsFleshSD
0003c845,WPNImpactArrowStickSD
0003c840,WPNImpactArrowVsArmorSD
0003c83d,WPNImpactAxeVsWoodSD
0003c839,WPNImpactAxeVsOtherSD
0003c835,WPNImpactAxeVsFleshSD
0003c832,WPNImpactAxeVsDirtSD
0003c82d,WPNImpactAxeVsArmorSD
0003c82a,WPNImpactBluntVsWoodSD
0003c826,WPNImpactBluntVsOtherSD
0003c824,WPNImpactBluntVsFleshSD
0003c821,WPNImpactBluntVsDirtSD
0003c81c,WPNImpactBluntVsArmorSD
0003c819,DRSWoodSingleLight02Close
0003c816,DRSWoodSingleLight02Open
0003c813,DRSWoodSingleLight01Open
0003c810,DRSWoodSingleLight01Close
0003c80f,VOCShoutProjectilePush01SD
0003c80c,FSTDirtJumpDownSD
0003c808,FSTDirtWalkRSD
0003c804,FSTDirtWalkLSD
0003c800,FSTDirtRunRSD
0003c7fc,FSTDirtRunLSD
0003c7f8,PHYMaterialShieldHeavyLSD
0003c7f4,PHYMaterialShieldHeavyHSD
0003c7f0,PHYMaterialShieldLightLSD
0003c7ec,PHYMaterialShieldLightHSD
0003c7e8,PHYMaterialBlade1HandHSD
0003c7e4,PHYMaterialBlade1HandLSD
0003c7e3,AMBrWaterRiverValleyDistant02LPSD
0003c7e2,AMBrWaterRiverValleyDistant01LPSD
0003c7e1,TRPDartWindupSD
0003c7de,TRPDartProjectileSD
0003c7da,WPNImpactTrapDartVsOtherSD
0003c7d6,WPNImpactTrapDartVsFleshSD
0003c7d2,TRPDartFireSD
0003c7d1,UIQuestUpdate
0003c7d0,UIQuestNew
0003c7cf,UISkillIncreaseSD
0003c7cc,TRPPressurePlateMetalSD
0003c7ca,WPNBashShieldHSD
0003c7c8,WPNBashShieldLSD
0003c7c5,WPNBashBladeSD
0003c7c4,ITMGenericIngredientUpFailSD
0003c7c3,ITMGenericIngredientDownSD
0003c7c2,ITMGenericIngredientUpSD
0003c7c0,ITMGenericWeaponDownSD
0003c7be,ITMGenericWeaponUpSD
0003c7ba,ITMGenericUpSD
0003c7b9,ITMGenericDownSD
0003c7b7,UIItemMeleeUpSD
0003c7b5,UIItemMeleeDownSD
0003c7b4,UIItemGenericDownSD
0003c7b0,UIItemGenericUpSD
0003c7af,VOCShoutTestPush03SD
0003c7ae,VOCShoutTestPush02SD
0003c7ad,VOCShoutTestPush01bSD
0003c7ac,VOCShoutTestPush01aSD
0003c7a9,FSTWaterJumpDownSD
0003c7a5,WPNImpactBladeVsOtherSD
0003c7a2,WPNImpactBladeVsWoodSD
0003c79e,FSTWaterWalkRSD
0003c79a,FSTWaterWalkLSD
0003c796,FSTWaterSneakRSD
0003c792,FSTWaterSneakLSD
0003c78f,FSTWaterRunRSD
0003c78c,FSTWaterRunLSD
0003c789,WPNImpactBladeVsDirtSD
0003c788,DRSRiverwoodPortStoneCloseSD
0003c787,DRSRiverwoodPortStoneOpenSD
0003c786,DRSRiverwoodCloseSD
0003c785,DRSRiverwoodOpenSD
0003c781,AMBRCricketsRiverwoodNightLPSD
0003c777,AMBRCricketsRiverwoodNightIndividual01SD
0003c774,AMBRBugsRiverwoodCicada01SD
0003c76e,AMBRBirdRiverwoodNight01SD
0003c75a,AMBRBirdRiverwoodDay01SD
0003c759,UIMenuFocus
0003c753,UIMenuPrevNextSD
0003c752,UIMenuCancelSD
0003c751,UIMenuOKSD
0003c74d,WPNImpactBladeVsFleshSD
0003c748,WPNImpactBladeVsArmorSD
0003c744,WPNBlockShieldHSD
0003c740,WPNBlockShieldLSD
0003c73c,WPNBlockBlade1HandVsOtherSD
0003c73b,AMBWaterRiverLPSD
0003c738,FSTGrassScuffRSD
0003c735,FSTGrassScuffLSD
0003c730,WPNSwingBladeMediumSD
0003c72f,WPNBlade1HandSheatheSD
0003c72e,WPNBlade1HandDrawSD
0003c72a,FSTGrassJumpDownSD
0003c726,FSTGrassSneakRSD
0003c722,FSTGrassSneakLSD
0003c71e,FSTGrassRunLSD
0003c71a,FSTGrassRunRSD
0003c716,FSTGrassWalkLSD
0003c712,FSTGrassWalkRSD
0003c709,AMBrWindBedForestPineLPSD
000339c7,XXXPlaceHolderSilenceDesc
00046e20,XXXTest01
